Time,HB_BUSAVG,HB_HOUSTON,HB_HUBAVG,HB_NORTH,HB_PAN,HB_SOUTH,HB_WEST,LZ_AEN,LZ_CPS,LZ_HOUSTON,LZ_LCRA,LZ_NORTH,LZ_RAYBN,LZ_SOUTH,LZ_WEST
08/01/2021 01:00,28.44,28.4,28.39,28.79,28.93,27.42,28.98,28.83,29.21,28.38,28.88,28.77,28.77,24.59,29.2
08/01/2021 02:00,28.05,27.79,27.95,28.42,28.43,27.16,28.45,28.14,28.41,27.77,28.18,28.42,28.81,25.27,28.64
08/01/2021 03:00,24.77,24.68,24.73,24.93,24.99,24.32,25,24.85,24.99,24.67,24.87,24.93,25.05,23.34,25.19
08/01/2021 04:00,23.54,23.49,23.52,23.62,23.68,23.29,23.68,23.58,23.66,23.48,23.59,23.63,23.69,22.76,23.86
08/01/2021 05:00,23.29,23.25,23.28,23.35,23.4,23.11,23.4,23.31,23.37,23.24,23.32,23.35,23.4,22.74,23.56
08/01/2021 06:00,23.07,23.04,23.07,23.09,23.14,23,23.14,23.06,23.08,23.04,23.06,23.09,23.13,22.89,23.31
08/01/2021 07:00,26.01,25.97,26,26.03,26.02,25.98,26.02,25.98,25.98,25.97,25.98,26.03,26.09,25.97,26.05
08/01/2021 08:00,26.4,26.39,26.4,26.41,26.41,26.39,26.41,26.39,26.39,26.39,26.39,26.41,26.43,26.39,26.44
08/01/2021 09:00,27.05,27.05,27.05,27.05,27.06,27.05,27.06,27.05,27.05,27.05,27.05,27.05,27.05,27.05,27.09
08/01/2021 10:00,26.57,26.58,26.55,26.58,26.61,26.57,26.49,26.57,26.57,26.58,26.57,26.58,26.58,26.57,26.69
08/01/2021 11:00,34.37,34.42,34.3,34.46,34.61,34.39,33.91,34.4,34.38,34.42,34.39,34.46,34.47,34.4,35.12
08/01/2021 12:00,41.93,42.02,41.76,42.13,42.53,41.95,40.95,41.98,41.93,42.02,41.96,42.21,42.14,41.97,43.57
08/01/2021 13:00,46.45,46.38,46.29,46.66,47.74,46.4,45.73,46.42,46.4,46.38,46.42,47.25,46.63,46.58,48.89
08/01/2021 14:00,63.48,63.04,63.32,63.75,66.62,63.27,63.22,63.32,63.32,63.05,63.35,65.71,63.68,63.41,68.3
08/01/2021 15:00,89.25,88.53,89.19,89.53,93.98,88.63,90.05,88.89,88.91,88.54,88.95,92.96,89.45,89.42,95.59
08/01/2021 16:00,102.02,101.43,101.99,102.41,107.38,100.75,103.35,101.76,101.47,101.5,101.92,106.35,102.35,103.16,108.91
08/01/2021 17:00,88.92,89.68,88.85,89.87,94.35,85.33,90.52,89.7,87.2,89.68,90.57,93.47,89.8,86.74,95.7
08/01/2021 18:00,70.19,71.03,70.14,71.31,74.95,65.99,72.22,70.95,69.53,70.88,71.59,74.27,75.6,66.54,75.95
08/01/2021 19:00,53.67,54.92,53.61,54.66,56.48,49.82,55.03,53.58,53.47,54.74,53.74,56.07,54.72,47.35,57.14
08/01/2021 20:00,52.78,53.19,52.72,53.57,54.45,50.03,54.11,53.13,53.67,53.1,53.23,54.15,53.51,45.4,54.79
08/01/2021 21:00,48.38,48.44,48.29,49,49.2,46.51,49.2,48.99,49.59,48.4,49.08,49,48.96,42.22,49.51
08/01/2021 22:00,45.85,45.78,45.77,46.44,46.63,44.13,46.71,46.52,47.16,45.75,46.61,46.41,46.4,39.44,46.95
08/01/2021 23:00,36.03,35.99,35.98,36.41,36.56,34.9,36.62,36.46,36.88,35.97,36.52,36.4,36.39,31.9,36.86
08/02/2021 00:00,32.07,32.04,32.02,32.46,32.61,30.92,32.66,32.5,32.92,32.02,32.56,32.44,32.44,27.86,32.91
08/02/2021 01:00,27.66,27.67,27.58,28.26,28.47,25.81,28.55,28.29,28.87,27.65,28.38,28.24,28.23,21.26,28.89
08/02/2021 02:00,25.66,25.67,25.59,26.26,26.53,23.82,26.6,26.27,26.85,25.64,26.36,26.23,26.23,19.38,27.12
08/02/2021 03:00,23.79,23.79,23.71,24.33,24.55,22.11,24.62,24.35,24.87,23.77,24.43,24.3,24.3,18.17,25.03
08/02/2021 04:00,23.37,23.38,23.33,23.75,23.95,22.18,24,23.76,24.13,23.35,23.81,23.74,23.74,19.47,24.43
08/02/2021 05:00,23.5,23.5,23.47,23.76,23.91,22.68,23.94,23.77,24.02,23.49,23.8,23.76,23.75,20.81,24.28
08/02/2021 06:00,24.74,24.74,24.73,24.83,24.9,24.43,24.92,24.83,24.93,24.73,24.84,24.83,24.83,23.75,25.1
08/02/2021 07:00,27.55,27.55,27.56,27.55,27.59,27.54,27.59,27.54,27.55,27.55,27.54,27.55,27.55,27.56,27.74
08/02/2021 08:00,26.07,26.07,26.08,26.07,26.1,26.07,26.1,26.06,26.06,26.07,26.06,26.07,26.07,26.08,26.23
08/02/2021 09:00,26.67,26.66,26.68,26.66,26.76,26.65,26.76,26.64,26.65,26.65,26.64,26.67,26.67,26.67,27.12
08/02/2021 10:00,27.59,27.59,27.59,27.59,27.61,27.59,27.61,27.59,27.59,27.59,27.59,27.59,27.59,27.61,27.68
08/02/2021 11:00,32.69,32.7,32.68,32.71,32.74,32.69,32.63,32.69,32.69,32.7,32.69,32.71,32.71,32.75,32.84
08/02/2021 12:00,36.48,36.5,36.45,36.51,36.57,36.48,36.32,36.49,36.48,36.5,36.48,36.51,36.52,36.53,36.79
08/02/2021 13:00,40.14,40.18,40.09,40.18,40.28,40.18,39.84,40.16,40.14,40.18,40.15,40.19,40.19,40.72,40.56
08/02/2021 14:00,45.88,46.11,45.83,45.9,46.2,46.02,45.28,46.03,45.97,46.14,46.01,46,45.96,46.83,46.81
08/02/2021 15:00,50.27,50.78,50.18,50.32,50.86,50.4,49.21,50.42,50.38,50.81,50.38,50.5,50.39,51.64,51.91
08/02/2021 16:00,61.09,61.31,60.97,61.23,61.99,61.09,60.26,61.26,61.2,61.31,61.23,61.6,62.2,63.35,63.11
08/02/2021 17:00,63.79,65.18,63.65,64.35,65.02,61.93,63.12,63.29,62.9,65.08,63.24,64.73,64.36,66.16,65.98
08/02/2021 18:00,48.74,49.57,48.62,49.23,50.04,47.14,48.54,48.54,48.35,49.5,48.52,49.73,49.22,52.16,50.86
08/02/2021 19:00,43.02,45.33,43.04,43.64,44.04,40.02,43.18,41.91,41.35,45.1,41.85,44.11,45.56,40.91,44.31
08/02/2021 20:00,45.84,46.18,45.82,46.44,47.16,43.61,47.06,46.08,46.54,46.1,46.16,46.84,47.43,39.61,47.83
08/02/2021 21:00,44.61,44.52,44.57,45.13,45.54,43.07,45.58,45.16,45.73,44.49,45.24,45.2,45.11,38.8,46.32
08/02/2021 22:00,36.52,36.49,36.5,36.8,37.04,35.69,37.04,36.8,37.1,36.46,36.83,36.79,36.79,33.56,37.73
08/02/2021 23:00,33.8,33.81,33.79,34.06,34.3,32.98,34.29,34.04,34.28,33.79,34.07,34.06,34.06,31.04,34.98
08/03/2021 00:00,30.59,30.61,30.57,30.95,31.2,29.52,31.21,30.93,31.26,30.58,30.97,30.94,30.94,26.85,31.93
08/03/2021 01:00,27.8,27.79,27.82,27.79,27.92,27.77,27.91,27.77,27.77,27.78,27.76,27.8,27.8,27.77,28.42
08/03/2021 02:00,25.68,25.67,25.7,25.68,25.82,25.64,25.81,25.64,25.64,25.66,25.64,25.69,25.69,25.65,26.31
08/03/2021 03:00,24.12,24.12,24.15,24.12,24.27,24.09,24.24,24.09,24.09,24.11,24.09,24.13,24.14,24.09,24.84
08/03/2021 04:00,23.35,23.35,23.37,23.35,23.5,23.32,23.46,23.31,23.31,23.33,23.31,23.36,23.36,23.32,24.07
08/03/2021 05:00,23.88,23.88,23.89,23.88,23.98,23.86,23.96,23.85,23.85,23.87,23.85,23.89,23.89,23.86,24.5
08/03/2021 06:00,25.3,25.3,25.31,25.3,25.41,25.28,25.38,25.27,25.27,25.29,25.27,25.31,25.31,25.27,25.97
08/03/2021 07:00,29.94,29.94,29.95,29.94,30.05,29.91,30.02,29.91,29.91,29.93,29.9,29.95,29.95,29.91,30.62
08/03/2021 08:00,28.01,28,28.02,28.01,28.09,27.99,28.07,27.99,27.99,28,27.98,28.01,28.01,27.99,28.46
08/03/2021 09:00,27.29,27.28,27.3,27.28,27.35,27.27,27.35,27.27,27.27,27.28,27.26,27.29,27.29,27.27,27.68
08/03/2021 10:00,28.27,28.27,28.28,28.27,28.35,28.25,28.33,28.25,28.25,28.26,28.25,28.27,28.28,28.25,28.73
08/03/2021 11:00,29.92,29.96,29.85,30,30.2,29.91,29.53,29.92,29.9,29.96,29.91,30.01,30.01,29.96,30.91
08/03/2021 12:00,36.01,36.05,35.92,36.14,36.56,35.99,35.51,36.01,35.98,36.04,36,36.24,36.15,36.03,37.62
08/03/2021 13:00,38.73,38.77,38.57,38.93,39.56,38.76,37.81,38.78,38.74,38.77,38.77,39.22,38.91,38.92,40.81
08/03/2021 14:00,45.69,45.75,45.37,46.04,47.15,45.71,44,45.76,45.67,45.75,45.75,46.51,46.03,45.86,49
08/03/2021 15:00,54.09,54.15,53.68,54.56,56.12,54.1,51.91,54.17,54.05,54.15,54.14,55.27,54.54,54.35,58.73
08/03/2021 16:00,63.5,63.5,63.1,63.94,65.77,63.58,61.39,63.65,63.57,63.5,63.65,65.04,63.87,63.87,70.38
08/03/2021 17:00,62.16,62.06,61.73,62.68,65.15,62.1,60.09,62.18,62.08,62.06,62.19,64.01,62.65,62.33,68.09
08/03/2021 18:00,49.61,49.5,49.3,50,52,49.55,48.16,49.61,49.54,49.5,49.61,51.11,49.97,49.75,54.52
08/03/2021 19:00,43.21,43.12,43.23,43.18,43.71,43.29,43.32,43.29,43.34,43.12,43.32,43.78,43.11,43.3,46.82
08/03/2021 20:00,49.49,49.49,49.56,49.39,49.31,49.61,49.75,49.6,49.65,49.49,49.62,49.59,49.34,49.62,51.89
08/03/2021 21:00,43.67,43.71,43.7,43.62,43.45,43.75,43.72,43.75,43.77,43.71,43.76,43.62,43.59,43.73,45.18
08/03/2021 22:00,35.99,36.02,36.02,35.97,35.93,36.03,36.05,36.02,36.03,36.01,36.03,35.97,35.96,36.03,36.71
08/03/2021 23:00,33.98,34,34,33.96,33.3,34.01,34.04,34.01,34.02,34,34.01,33.96,33.95,34.02,34.7
08/04/2021 00:00,29.12,29.14,29.13,29.09,28.32,29.16,29.14,29.16,29.17,29.14,29.16,29.09,29.08,29.16,29.65
08/04/2021 01:00,27.36,27.37,27.37,27.35,27.33,27.37,27.37,27.37,27.38,27.37,27.38,27.35,27.35,27.38,27.52
08/04/2021 02:00,26.57,26.57,26.57,26.55,26.54,26.58,26.59,26.58,26.58,26.57,26.58,26.55,26.55,26.58,26.82
08/04/2021 03:00,25.05,25.05,25.06,25.04,25.03,25.06,25.08,25.06,25.06,25.05,25.06,25.04,25.03,25.06,25.36
08/04/2021 04:00,24.65,24.66,24.66,24.64,24.63,24.66,24.68,24.66,24.67,24.66,24.66,24.64,24.64,24.67,24.92
08/04/2021 05:00,25.37,25.37,25.37,25.35,25.35,25.37,25.39,25.37,25.37,25.37,25.37,25.36,25.35,25.37,25.63
08/04/2021 06:00,25.92,25.92,25.93,25.91,25.91,25.93,25.95,25.93,25.93,25.92,25.93,25.91,25.91,25.93,26.21
08/04/2021 07:00,29.99,30,30,29.99,29.99,30,30.01,30,30,30,30,29.99,29.99,30,30.14
08/04/2021 08:00,28.22,28.23,28.22,28.22,28.2,28.23,28.23,28.23,28.23,28.23,28.23,28.22,28.21,28.23,28.37
08/04/2021 09:00,28.71,28.71,28.71,28.71,28.7,28.72,28.72,28.71,28.72,28.72,28.72,28.71,28.71,28.72,28.82
08/04/2021 10:00,29.51,29.51,29.51,29.51,29.5,29.52,29.49,29.52,29.52,29.52,29.52,29.51,29.51,29.52,29.69
08/04/2021 11:00,33.77,33.86,33.63,33.94,34.21,33.8,32.92,33.81,33.76,33.87,33.8,33.94,33.95,33.85,34.83
08/04/2021 12:00,39.28,39.42,39.08,39.5,39.85,39.35,38.03,39.37,39.3,39.42,39.35,39.52,39.51,39.68,40.95
08/04/2021 13:00,44.9,45.16,44.46,45.35,45.96,44.98,42.34,45.04,44.87,45.16,44.99,45.39,45.39,45.4,46.3
08/04/2021 14:00,49.21,49.53,48.68,49.74,50.36,49.34,46.13,49.38,49.18,49.52,49.32,49.77,49.76,50.09,51.36
08/04/2021 15:00,67.47,67.86,66.8,68.16,68.92,67.62,63.58,67.71,67.47,67.85,67.64,68.36,68.16,68.55,70.58
08/04/2021 16:00,81.07,81.67,80.38,81.76,83.02,81.44,76.63,81.6,81.27,81.67,81.5,82.02,82.34,82.44,85.42
08/04/2021 17:00,80.7,81.32,80.12,81.28,82.42,81.13,76.73,81.32,81.03,81.32,81.24,81.56,82.86,81.98,85.74
08/04/2021 18:00,55.96,56.47,55.51,56.38,57.2,56.35,52.83,56.52,56.27,56.47,56.45,56.6,57.53,56.69,60.33
08/04/2021 19:00,48.27,48.4,48.14,48.38,48.47,48.4,47.38,48.43,48.39,48.4,48.43,48.48,48.79,48.51,50.92
08/04/2021 20:00,48.82,48.86,48.83,48.8,48.69,48.89,48.78,48.89,48.9,48.86,48.9,48.85,49.05,48.93,50.01
08/04/2021 21:00,43.59,43.61,43.61,43.57,43.49,43.63,43.61,43.63,43.64,43.61,43.64,43.57,43.56,43.66,44.29
08/04/2021 22:00,38.76,38.77,38.77,38.75,38.71,38.78,38.77,38.78,38.79,38.77,38.78,38.75,38.74,38.8,39.15
08/04/2021 23:00,36.11,36.13,36.12,36.07,35.99,36.15,36.13,36.15,36.16,36.13,36.15,36.08,36.06,36.16,36.85
08/05/2021 00:00,30.45,30.46,30.46,30.43,30.39,30.47,30.47,30.47,30.48,30.46,30.47,30.43,30.42,30.48,30.91
08/05/2021 01:00,29.42,29.42,29.43,29.42,29.44,29.42,29.45,29.42,29.42,29.42,29.42,29.42,29.42,29.43,29.54
08/05/2021 02:00,27.88,27.88,27.88,27.88,27.91,27.87,27.9,27.87,27.87,27.87,27.87,27.88,27.88,27.88,28.02
08/05/2021 03:00,26.48,26.47,26.48,26.47,26.51,26.46,26.51,26.46,26.46,26.47,26.46,26.48,26.48,26.47,26.66
08/05/2021 04:00,25.37,25.36,25.37,25.36,25.4,25.36,25.4,25.36,25.36,25.36,25.36,25.37,25.37,25.36,25.54
08/05/2021 05:00,25.52,25.52,25.52,25.52,25.54,25.51,25.54,25.51,25.51,25.52,25.51,25.52,25.52,25.52,25.63
08/05/2021 06:00,26.36,26.36,26.37,26.36,26.37,26.36,26.38,26.36,26.36,26.36,26.36,26.36,26.36,26.36,26.46
08/05/2021 07:00,28.98,28.98,28.98,28.98,29,28.98,28.99,28.98,28.98,28.98,28.98,28.98,28.98,28.98,29.08
08/05/2021 08:00,26.89,26.89,26.89,26.89,26.89,26.89,26.9,26.89,26.89,26.89,26.89,26.89,26.89,26.9,26.96
08/05/2021 09:00,28.27,28.27,28.27,28.27,28.27,28.27,28.28,28.27,28.27,28.27,28.27,28.27,28.27,28.28,28.33
08/05/2021 10:00,29.51,29.52,29.52,29.51,29.51,29.52,29.52,29.52,29.52,29.52,29.52,29.51,29.51,29.52,29.59
08/05/2021 11:00,32.9,32.94,32.85,32.96,33.03,32.92,32.6,32.93,32.91,32.94,32.92,32.96,32.96,32.93,33.4
08/05/2021 12:00,38.09,38.25,37.85,38.36,38.65,38.14,36.65,38.17,38.08,38.24,38.15,38.37,38.36,38.21,39.28
08/05/2021 13:00,43.8,44.09,43.27,44.35,44.98,43.84,40.82,43.91,43.72,44.08,43.85,44.37,44.39,44.01,45.44
08/05/2021 14:00,54.43,54.85,53.69,55.21,56.12,54.48,50.22,54.62,54.34,54.84,54.52,55.31,55.3,54.58,56.85
08/05/2021 15:00,82.71,83.34,81.63,83.83,85.12,82.81,76.54,83.02,82.61,83.32,82.87,84.05,83.97,83,86.41
08/05/2021 16:00,111.77,112.48,110.56,113.03,114.47,111.86,104.86,112.12,111.65,112.46,111.94,113.29,113.19,112.13,115.8
08/05/2021 17:00,96.96,97.38,96.32,97.66,98.71,97.03,93.19,97.21,96.94,97.37,97.11,97.96,98.33,97.33,100.83
08/05/2021 18:00,66.72,66.99,66.34,67.14,67.86,66.77,64.45,66.89,66.73,66.98,66.83,67.37,67.26,66.97,70.01
08/05/2021 19:00,49.94,50.05,49.78,50.12,50.46,49.96,48.99,49.99,49.93,50.05,49.99,50.21,50.38,49.97,51.41
08/05/2021 20:00,50.09,50.1,50.07,50.11,50.16,50.08,49.97,50.09,50.08,50.1,50.09,50.12,50.13,50.09,50.37
08/05/2021 21:00,46.75,46.75,46.75,46.75,46.76,46.74,46.75,46.74,46.74,46.75,46.74,46.75,46.75,46.74,46.89
08/05/2021 22:00,38.76,38.76,38.76,38.76,38.77,38.75,38.77,38.75,38.75,38.76,38.75,38.76,38.76,38.76,38.84
08/05/2021 23:00,32.56,32.56,32.57,32.56,32.59,32.56,32.58,32.56,32.56,32.56,32.56,32.56,32.57,32.57,32.7
08/06/2021 00:00,29.2,29.2,29.2,29.2,29.21,29.2,29.21,29.2,29.2,29.2,29.2,29.2,29.2,29.2,29.25
08/06/2021 01:00,26.33,26.33,26.33,26.33,26.34,26.33,26.34,26.33,26.33,26.33,26.33,26.33,26.33,26.34,26.38
08/06/2021 02:00,23.65,23.64,23.65,23.64,23.47,23.64,23.68,23.64,23.64,23.64,23.64,23.64,23.65,23.64,23.81
08/06/2021 03:00,22.57,22.57,22.58,22.57,22.47,22.57,22.59,22.57,22.57,22.57,22.57,22.57,22.57,22.57,22.69
08/06/2021 04:00,21.55,21.55,21.55,21.55,21.56,21.55,21.57,21.55,21.55,21.55,21.55,21.55,21.55,21.55,21.67
08/06/2021 05:00,21.96,21.96,21.97,21.96,21.97,21.96,21.97,21.96,21.96,21.96,21.96,21.96,21.96,21.97,22.03
08/06/2021 06:00,23.22,23.22,23.23,23.22,23.25,23.22,23.25,23.22,23.22,23.22,23.22,23.22,23.22,23.22,23.35
08/06/2021 07:00,26.32,26.32,26.32,26.33,26.34,26.32,26.33,26.32,26.32,26.32,26.32,26.33,26.34,26.32,26.39
08/06/2021 08:00,27.53,27.52,27.53,27.53,27.54,27.52,27.54,27.52,27.52,27.52,27.52,27.53,27.54,27.53,27.58
08/06/2021 09:00,26.9,26.9,26.9,26.9,26.9,26.9,26.9,26.9,26.9,26.9,26.9,26.9,26.9,26.9,26.92
08/06/2021 10:00,27.33,27.34,27.32,27.34,27.37,27.33,27.26,27.33,27.33,27.34,27.33,27.34,27.34,27.35,27.43
08/06/2021 11:00,30.34,30.41,30.22,30.47,30.65,30.35,29.64,30.36,30.32,30.41,30.35,30.48,30.49,30.36,30.91
08/06/2021 12:00,37.52,37.71,37.17,37.88,38.34,37.54,35.54,37.6,37.46,37.71,37.55,37.91,37.93,37.58,38.63
08/06/2021 13:00,42.7,43.01,42.23,43.22,44.01,42.75,39.93,42.81,42.65,43.01,42.76,43.33,43.38,42.79,45.49
08/06/2021 14:00,49.18,49.68,48.46,49.96,50.94,49.27,44.92,49.41,49.12,49.66,49.31,50.38,50.14,49.26,52.7
08/06/2021 15:00,65.8,66.35,64.78,66.9,69.18,65.81,60.05,66.09,65.67,66.33,65.96,67.75,66.97,65.97,70.97
08/06/2021 16:00,80,81.31,78.84,81.4,83.17,79.44,73.2,80.04,79.41,81.24,79.87,82.46,82.02,79.85,86.53
08/06/2021 17:00,74.68,76.24,73.44,76.28,77.53,73.62,67.64,74.85,74.24,76.17,74.68,77.39,79.31,75.72,81.29
08/06/2021 18:00,55.59,57.55,54.77,56.87,57.2,53.88,50.78,55.33,54.63,57.42,55.21,57.93,57.9,55.89,60.22
08/06/2021 19:00,43.58,44.56,43.03,44.33,43.57,42.93,40.31,43.97,43.56,44.53,43.94,45.24,44.47,44.05,45.33
08/06/2021 20:00,43.94,44.43,43.7,44.36,42.66,43.34,42.68,44.33,44.43,44.41,44.3,45.26,44.35,42.13,43.76
08/06/2021 21:00,39.67,40.04,39.48,40.03,34.46,39.17,38.7,40.11,40.24,40.02,40.11,40.88,40,37.45,39.21
08/06/2021 22:00,32.84,33.17,32.69,33.07,11.8,32.63,31.88,33.12,33.19,33.16,33.09,33.84,33.05,31.65,32.08
08/06/2021 23:00,31.25,31.53,31.1,31.48,6.09,31,30.4,31.46,31.55,31.52,31.44,32.14,31.48,30.11,30.58
08/07/2021 00:00,28.3,28.48,28.19,28.47,1.3,28.13,27.68,28.34,28.36,28.47,28.32,28.8,28.63,27.71,27.82
08/07/2021 01:00,23.58,23.86,23.06,24.25,-0.83,23.31,20.82,23.16,23.22,23.84,23.06,24.8,25.42,23.37,20.98
08/07/2021 02:00,21.37,21.56,20.85,22.08,-1.13,20.9,18.87,20.8,20.75,21.54,20.62,22.65,23.21,20.92,19.11
08/07/2021 03:00,20.41,20.54,20.1,20.82,-0.08,20.16,18.9,20.11,20.08,20.52,20.02,21.14,21.49,20.17,19.07
08/07/2021 04:00,18.44,18.49,18.3,18.63,1.13,18.31,17.75,18.29,18.28,18.49,18.24,18.78,18.94,18.33,17.84
08/07/2021 05:00,18.14,18.18,18.05,18.26,1.75,18.08,17.69,18.06,18.05,18.18,18.04,18.35,18.48,18.08,17.76
08/07/2021 06:00,18.88,18.9,18.82,18.96,2.76,18.82,18.59,18.81,18.8,18.9,18.79,19.03,19.09,18.84,18.62
08/07/2021 07:00,24.43,24.63,24.25,24.57,11.2,24.62,23.19,24.5,24.69,24.63,24.58,24.75,24.97,24.7,23.11
08/07/2021 08:00,24.32,24.55,24.18,24.4,12.72,24.65,23.11,24.47,24.78,24.56,24.6,24.54,24.69,24.77,22.91
08/07/2021 09:00,25.82,26.34,25.47,26,15.56,26.6,22.93,26.05,26.89,26.35,26.41,26.38,26.59,27.01,22.32
08/07/2021 10:00,24.08,25.72,23.53,23.91,11.6,26.99,17.5,25.54,28.03,25.77,26.88,25.41,24.05,28.16,15.71
08/07/2021 11:00,25.83,28.29,24.95,25.74,10.93,29.84,15.94,27.86,31.23,28.35,29.69,28.34,25.95,31.48,13.73
08/07/2021 12:00,32.29,35.04,31.09,32.67,16.05,35.82,20.85,34.1,37.03,35.07,35.57,36.33,33.13,37.31,19.55
08/07/2021 13:00,31.56,35.96,30.16,32.55,15.22,33.29,18.84,32.18,34.04,36.14,32.87,37.42,33.56,35.1,19.89
08/07/2021 14:00,40.53,44.87,39.09,41.89,25.39,41.01,28.59,40.61,41.3,44.99,40.54,47.47,42.65,41.95,30.88
08/07/2021 15:00,52.99,58.89,51.45,54.8,37.65,51.78,40.31,52.66,52.41,58.77,52.34,61.88,55.03,53.38,43.14
08/07/2021 16:00,61.03,70.21,58.84,64.75,47.4,54.45,45.96,58.07,57.15,70.02,57.23,72.18,65.93,58.45,49.46
08/07/2021 17:00,59.2,67.79,56.35,64.2,44.65,50.8,42.6,56.26,54.43,67.79,55.98,70.6,66.78,56.08,46.53
08/07/2021 18:00,44.16,50.53,41.57,48.25,31,38.69,28.81,43.1,42.6,50.11,43.21,54.52,50.23,41.7,31.84
08/07/2021 19:00,40.33,47.07,38.19,43.72,27.49,35.62,26.36,39.99,40.39,46.65,40.7,48.71,45.7,37.63,28.01
08/07/2021 20:00,41.39,44.63,40.12,44.02,34.57,36.3,35.54,40.79,40.46,44.39,40.57,47.46,44.99,37.27,36.01
08/07/2021 21:00,37.01,38.13,36.38,38.39,33.51,34.43,34.59,37.78,38.12,38.09,37.75,40.46,38.52,34.11,34.85
08/07/2021 22:00,32.79,33.33,32.2,34.1,28.9,30.38,30.98,32.85,33.31,33.29,32.69,35.6,34.32,28.72,31.15
08/07/2021 23:00,26.63,26.93,25.87,28.2,20.45,24.02,24.32,26.17,26.8,26.87,25.87,29.53,28.77,20.42,24.49
08/08/2021 00:00,24.11,25.73,22.97,26.34,16.62,20.28,19.52,21.93,22.91,25.83,21.16,27.6,28.4,17.4,19.79
08/08/2021 01:00,21.61,22.14,20.35,23.46,6.13,20.1,15.7,20.67,20.97,22.07,20.41,24.81,25.91,19.02,15.97
08/08/2021 02:00,18.76,19.11,17.85,20.22,5.61,17.24,14.81,18.18,18.57,19.06,18,21.21,21.81,15.73,14.91
08/08/2021 03:00,16.79,17.14,16.18,17.71,5.53,16,13.89,16.66,17.2,17.11,16.67,18.36,18.65,14.94,13.74
08/08/2021 04:00,13.9,14.17,13.49,14.56,3.83,13.24,11.97,13.94,14.44,14.15,14,15,15.15,12.23,11.83
08/08/2021 05:00,14.07,14.33,13.72,14.62,6.08,13.59,12.34,14.13,14.62,14.31,14.23,14.99,15.12,12.75,12.17
08/08/2021 06:00,14.3,14.52,14.01,14.7,10.09,14.11,12.71,14.29,14.69,14.51,14.4,15.03,15.1,13.72,12.51
08/08/2021 07:00,21.11,21.6,20.62,21.56,17.2,21.54,17.77,21.14,21.83,21.6,21.43,22.13,22.38,21.77,17.29
08/08/2021 08:00,21.89,22.27,21.51,22.24,19.46,22.25,19.29,21.89,22.46,22.27,22.13,22.69,22.81,22.46,18.87
08/08/2021 09:00,22.68,23.6,22.19,22.83,19.11,24.25,18.09,23.41,24.91,23.62,24.26,23.38,23.53,24.85,17
08/08/2021 10:00,24.11,27.12,23.22,23.97,16.42,28.34,13.43,26.45,30.7,27.16,29.31,25.47,24.59,30,10.23
08/08/2021 11:00,26.41,29.73,25.33,26.86,18.77,29.01,15.74,27.85,31.15,29.8,29.97,29.37,27.29,30.84,12.89
08/08/2021 12:00,27.21,32.03,26.04,27.77,17.66,29.45,14.93,29.76,32.67,32.21,31.94,31.76,28.02,32.27,13.01
08/08/2021 13:00,29.33,36.43,28.3,30.24,20.32,28.99,17.56,31.62,33.27,37.03,33.48,34.27,30.43,32.47,16.37
08/08/2021 14:00,39.55,51.77,38.5,41.72,31.31,33.03,27.46,38.71,38,51.95,40,46.12,41.92,36.69,29.09
08/08/2021 15:00,44.41,53.35,42.88,47.44,36.61,37.61,33.11,47,41.97,54.59,48.83,53.35,47.47,40.8,36.42
08/08/2021 16:00,49.89,60.6,48.14,53.27,41.71,42.13,36.57,52.87,46.43,60.8,54.98,59.77,53.22,45.71,41.7
08/08/2021 17:00,56.49,66.96,54.68,60.37,48.36,47.33,44.05,61.98,51.55,67.08,64.93,67.08,61.49,49.99,48.73
08/08/2021 18:00,49.5,58.35,47.61,53.41,41.58,41.05,37.61,61.08,43.41,58.35,66.58,59.5,59.73,42.73,40.96
08/08/2021 19:00,41.58,48.2,39.98,44.14,32.86,37.56,30,43.04,43.14,48.2,43.69,49.56,44.39,43,31.34
08/08/2021 20:00,41.88,45.01,40.92,44.17,38.36,36.73,37.78,42.47,40.91,45.02,42.28,47.46,44.54,38.59,38.22
08/08/2021 21:00,36.42,38.36,35.81,37.75,32.87,33.7,33.43,37.38,36.83,38.31,37.29,40.1,37.81,34.81,33.76
08/08/2021 22:00,32.02,33.17,31.51,33.15,28.89,29.71,30,32.49,32.41,33.12,32.34,34.65,33.3,30.11,30.07
08/08/2021 23:00,27.05,28.29,26.45,28.24,21.53,24.98,24.28,27.31,27.66,28.37,27.45,29.74,28.57,23.47,24.26
08/09/2021 00:00,25.14,26.2,24.14,26.95,17.63,22.52,20.9,24.32,24.9,26.28,24.25,28.27,28.26,20.3,20.7
08/09/2021 01:00,21.84,22.26,20.1,24.51,14.61,19.37,14.25,19.68,19.99,22.17,19.18,26.45,27.69,18.46,14.45
08/09/2021 02:00,19.68,20.13,17.83,22.58,11.46,16.76,11.85,17.52,17.74,20.02,16.94,24.63,26.09,15.38,12.26
08/09/2021 03:00,18.67,19.19,17.02,21.25,10.19,16.14,11.5,17.01,17.22,19.09,16.55,23.06,24.51,14.76,11.86
08/09/2021 04:00,17.52,17.88,16.25,19.53,10.24,15.53,12.06,16.18,16.31,17.8,15.81,20.97,21.97,14.4,12.23
08/09/2021 05:00,17.83,18.06,17.05,19.15,11.78,16.28,14.7,17.06,17.26,18.01,16.81,20.03,20.35,15.12,14.86
08/09/2021 06:00,21.24,21.35,20.75,22.15,16.34,20,19.5,20.72,20.93,21.31,20.54,22.68,22.81,18.91,19.58
08/09/2021 07:00,21.89,22.11,21.51,22.44,18.46,21.5,19.98,21.45,21.57,22.13,21.37,22.93,23.06,21.53,19.96
08/09/2021 08:00,22.2,22.57,21.94,22.65,20.29,21.57,20.97,21.81,21.96,22.75,21.74,23.07,22.98,21.23,20.89
08/09/2021 09:00,21.73,22.81,21.07,22.51,18.3,21.5,17.45,21.47,22.24,23.02,21.65,23.57,23.37,21.59,16.9
08/09/2021 10:00,23,26.73,21.43,24.77,13.94,22.67,11.56,22.89,25.13,27.57,23.72,28.71,26.08,23.7,9.76
08/09/2021 11:00,25.28,30.45,23.88,26.83,16.36,24.56,13.7,25.41,27.59,31.36,26.23,32.35,27.08,26.32,12.51
08/09/2021 12:00,30.4,39.14,29.4,31.53,22,28.67,18.28,30.89,32.92,39.83,32.66,35.17,31.7,31.67,17.19
08/09/2021 13:00,34.67,45.33,33.51,36.97,26.36,28.56,23.17,33.04,32.71,46.38,33.71,41.51,37.93,33.1,22.02
08/09/2021 14:00,43.04,55.85,41.74,45.85,33.12,35.12,30.13,41.01,39.41,56.5,41.42,51.42,48.34,40.81,30.89
08/09/2021 15:00,59.74,74.58,58.07,64.04,50.53,47.14,46.5,56.43,50.78,76.31,56.12,70.44,67.59,51.64,49.58
08/09/2021 16:00,66.94,81.41,64.38,72.49,54.97,53.62,50,64.92,56.87,82.99,65.43,80.65,78.8,58.96,54.58
08/09/2021 17:00,64.73,76.04,62.24,70,53.81,52.91,50,67.6,55.17,76.24,69.85,77.67,75.64,61.22,53.67
08/09/2021 18:00,48.36,58.38,46.37,52.5,38.86,39.05,35.54,50.28,43.06,59.03,52.12,58.92,56.01,45.72,38.54
08/09/2021 19:00,39.53,47.97,38.05,42.68,29.4,32.22,29.33,39.2,36.85,48.28,39.71,48.26,45.37,37.65,30.48
08/09/2021 20:00,37.36,42.33,35.97,40.22,25.57,31.66,29.67,37.68,35.92,42.43,37.83,45.06,42.9,34.59,30.11
08/09/2021 21:00,34.12,36.24,33.3,35.6,15.81,31.71,29.66,35.28,34.64,36.29,35.36,38.57,35.75,33.46,29.85
08/09/2021 22:00,31.13,32.94,30.28,32.21,11.43,30.53,25.43,32.06,32.08,32.97,31.98,35.68,32.35,30.81,25.53
08/09/2021 23:00,31.01,32.67,29.95,32.7,10.72,28.92,25.49,29.96,29.84,32.81,29.66,35.1,33.81,27.25,25.72
08/10/2021 00:00,25.98,27.53,24.23,28.43,5.46,24.23,16.74,24.65,24.88,27.51,24.24,31.82,30.78,23.23,17.07
08/10/2021 01:00,22.86,23.18,21.27,25.33,-0.74,20.47,16.1,20.84,20.88,23.09,20.29,27.11,28.53,19.61,16.43
08/10/2021 02:00,21.43,21.73,19.63,24.27,-1.57,18.62,13.92,18.88,19.02,21.61,18.2,26.42,27.93,17.7,14.18
08/10/2021 03:00,19.85,20.35,17.81,22.95,-4,17.08,10.88,17.35,17.42,20.23,16.67,25.32,27.45,16.16,11.34
08/10/2021 04:00,19.32,19.5,17.93,21.52,-1.46,17.12,13.6,17.24,17.35,19.41,16.68,23.21,24.26,16.48,13.75
08/10/2021 05:00,19.69,19.74,18.9,21,1.61,18.19,16.67,18.26,18.38,19.68,17.86,22.08,22.32,17.73,16.63
08/10/2021 06:00,20.72,20.88,20.49,21.05,4.91,20.45,19.55,20.61,20.62,20.87,20.56,21.32,21.55,20.22,19.67
08/10/2021 07:00,24.15,24.46,23.83,24.52,11.52,24.15,22.2,24.1,24.13,24.45,24.08,24.89,25.25,24.18,22.32
08/10/2021 08:00,24.32,24.48,24.15,24.51,18.68,24.3,23.29,24.29,24.28,24.47,24.27,24.73,24.91,24.3,23.38
08/10/2021 09:00,23.52,24.49,22.92,24.23,16.89,23.38,19.57,23.36,23.42,24.45,23.3,25.17,25.4,23.48,19.6
08/10/2021 10:00,24.43,28.17,22.46,26.3,10.41,25.53,9.85,25.26,26.05,28.09,25.8,30.07,29.39,26.45,9.71
08/10/2021 11:00,24.93,29.49,23.05,26.82,12.37,25.29,10.6,25.53,25.87,29.7,25.86,31.79,28.31,27.02,11.11
08/10/2021 12:00,28.56,34.32,27.07,30.07,17.97,28.36,15.53,29.32,29.69,34.42,29.87,35.61,30.26,31.13,16.02
08/10/2021 13:00,33.85,41.36,32.69,35.93,25.84,29.36,24.12,32.33,31.45,41.46,32.21,40.87,37.99,33.43,24.61
08/10/2021 14:00,42.54,52.24,41.04,45.92,35,33.86,32.15,39.38,36.61,52.59,39.27,51.03,48.01,40.08,34.06
08/10/2021 15:00,50.37,61.24,48.82,54.36,44.04,39.29,40.39,47.22,43.59,62.4,47.02,60.7,59.39,47.09,43.41
08/10/2021 16:00,60.14,71.7,57.86,65.31,50.46,47.7,46.71,56.18,52.06,72.55,56.04,71.71,73.61,55.54,49.92
08/10/2021 17:00,60.54,71.96,58.39,65.48,50.55,48.86,47.27,57.02,53.18,72.05,56.85,72.27,86.88,57.91,50.29
08/10/2021 18:00,47.34,56.97,44.63,52.75,35.7,36.39,32.41,43.71,40.55,57.08,43.62,59.25,59.79,44.93,34.97
08/10/2021 19:00,41.16,47.81,38.59,45.98,29.82,32.77,27.78,38.98,37.02,47.81,38.98,51.98,54,38.64,29.49
08/10/2021 20:00,40.98,45.24,39.31,44.34,33.09,34.68,32.97,39.91,38.57,44.9,39.89,48.54,47.1,36.98,33.94
08/10/2021 21:00,38.79,40.81,38.13,40.16,34.64,36.12,35.41,38.81,38.33,40.67,38.75,42.6,40.34,36.37,35.65
08/10/2021 22:00,34.77,35.9,33.98,35.9,30.14,33.8,30.33,34.75,34.76,35.85,34.41,38.93,36.04,32.87,30.76
08/10/2021 23:00,32.35,32.5,31.76,33.4,30.38,30.9,30.25,31.45,31.61,32.46,31.1,34.73,33.7,29.85,30.38
08/11/2021 00:00,28.16,28.27,27.61,29.07,26.29,27.1,26,27.37,27.45,28.24,27.11,29.96,29.63,26.48,26.05
08/11/2021 01:00,25.48,24.68,24.21,27.5,19.41,23.56,21.11,23.42,23.35,24.64,23.11,28.6,31.21,23.53,21.22
08/11/2021 02:00,22.48,22.58,21.7,23.66,17.4,21.45,19.1,21.36,21.31,22.53,21.08,24.54,25.01,21.36,19.09
08/11/2021 03:00,20.73,20.84,20.07,21.72,15.21,19.89,17.84,19.75,19.68,20.8,19.5,22.49,22.85,19.9,17.83
08/11/2021 04:00,19.4,19.45,18.94,20.11,13.82,18.77,17.43,18.65,18.61,19.42,18.46,20.65,20.84,18.79,17.41
08/11/2021 05:00,20.08,20.07,19.77,20.58,14.44,19.56,18.88,19.47,19.45,20.05,19.31,20.98,20.92,19.58,18.77
08/11/2021 06:00,22.72,22.48,22.49,23.13,18.56,22.18,22.18,22.1,22.12,22.47,21.98,23.39,23.64,22.2,22.1
08/11/2021 07:00,25.9,25.96,25.81,26.04,22.83,25.81,25.41,25.76,25.77,25.95,25.73,26.33,26.11,25.84,25.35
08/11/2021 08:00,26.87,26.92,26.81,26.96,24.87,26.81,26.55,26.8,26.78,26.92,26.77,27.2,26.99,26.82,26.56
08/11/2021 09:00,27.26,27.73,26.99,27.55,25.26,27.34,25.32,27.21,27.24,27.72,27.02,28.91,27.56,27.47,25.32
08/11/2021 10:00,25,27.21,24.24,25.44,18.99,26.57,17.72,26.62,27.53,27.23,27.09,28.75,25.43,27.61,16.99
08/11/2021 11:00,27.2,29.68,26.21,28.05,20.37,28.17,18.95,28.08,28.5,29.74,28.09,32.68,28.06,28.99,18.94
08/11/2021 12:00,32.41,34.32,31.4,33.53,26.99,32.46,25.29,32.15,32.21,34.35,31.61,37.73,33.62,33.16,26.03
08/11/2021 13:00,35.37,37.17,34.35,36.83,31.74,33.88,29.52,34.1,33.66,37.04,33.47,40.19,37.63,34.43,31.24
08/11/2021 14:00,43.71,47.47,42.61,45.58,40.52,40.47,36.91,42.61,41.03,47.66,42.77,48.46,46.94,42.28,40.15
08/11/2021 15:00,69.62,76.6,68.09,72.8,64.92,62.51,60.44,66.78,64.14,77.14,66.68,76.21,78,66.56,64.63
08/11/2021 16:00,79.19,87.84,77.21,83.44,72.92,69.88,67.68,75.4,72.24,87.79,75.19,87.69,103.44,75.72,72.71
08/11/2021 17:00,77.52,86.86,75.56,82.31,71.73,65.87,67.21,73.15,69.67,86.86,72.93,86.76,104.52,74.85,71.18
08/11/2021 18:00,49.78,56.99,48.18,53.68,44.72,40.18,41.86,46.49,43.5,56.41,46.37,56.93,59.71,47.73,45.3
08/11/2021 19:00,44.52,49.68,43.34,47.31,40.08,38.07,38.31,43.55,41.48,49.34,43.5,51.18,52.98,43.83,40.14
08/11/2021 20:00,43.19,46.83,42.3,45.51,40.18,37.46,39.41,41.99,40.96,46.53,41.84,48.1,47.58,40.37,39.87
08/11/2021 21:00,40.84,43.1,40.32,42.25,39.04,37.28,38.65,40.32,39.82,42.92,40.26,43.92,42.41,37.8,38.83
08/11/2021 22:00,35.08,35.58,34.7,35.72,33.52,34.28,33.23,34.77,34.77,35.54,34.6,37,35.87,33.87,33.37
08/11/2021 23:00,32.93,33.1,32.45,33.79,31.74,31.71,31.21,32.08,32.17,33.06,31.72,35,34.07,30.85,31.49
08/12/2021 00:00,28.51,28.58,28.18,29.07,27.7,27.78,27.28,27.82,27.86,28.56,27.54,29.87,29.27,27.52,27.32
08/12/2021 01:00,27.41,27.03,27.06,28.03,25.51,26.71,26.48,26.63,26.64,27.02,26.48,28.36,29.13,26.76,26.57
08/12/2021 02:00,24.54,24.28,24.31,24.95,23.14,24.01,24,23.94,23.96,24.27,23.8,25.21,25.57,24.04,24.07
08/12/2021 03:00,22.26,22.2,22.09,22.55,20.82,21.94,21.67,21.87,21.88,22.19,21.76,22.78,22.91,21.97,21.74
08/12/2021 04:00,21.21,21.2,21.07,21.42,19.68,20.98,20.68,20.93,20.93,21.19,20.84,21.61,21.67,21,20.74
08/12/2021 05:00,22.21,22.14,22.12,22.39,21.02,21.98,21.96,21.94,21.95,22.13,21.86,22.52,22.57,22,21.96
08/12/2021 06:00,23.02,22.93,22.96,23.13,21.67,22.85,22.91,22.82,22.83,22.92,22.78,23.21,23.3,22.87,22.93
08/12/2021 07:00,27.1,27.09,27.07,27.16,26.6,27.01,27.01,26.99,27,27.09,26.96,27.22,27.19,27.03,27.03
08/12/2021 08:00,27.36,27.38,27.34,27.4,27.27,27.33,27.23,27.33,27.32,27.38,27.33,27.5,27.41,27.35,27.25
08/12/2021 09:00,28.03,28.1,27.97,28.1,27.74,28,27.68,28,27.97,28.1,27.98,28.38,28.12,28.02,27.71
08/12/2021 10:00,28.33,29.11,28.1,28.48,25.95,28.74,26.05,28.74,28.64,29.11,28.65,30.49,28.4,28.85,26.33
08/12/2021 11:00,31.55,32.68,31.21,31.78,28.38,31.99,28.39,32.07,31.81,32.68,32.14,34.47,31.67,32.32,28.89
08/12/2021 12:00,35.25,36.32,34.89,35.52,32.57,35.62,32.09,35.76,35.43,36.33,35.84,37.92,35.41,36.33,33.17
08/12/2021 13:00,45.61,46.45,45.24,46.03,44.1,45.41,43.08,45.53,45.34,46.51,45.65,47.53,46.04,46.12,44.39
08/12/2021 14:00,64.78,65.72,64.38,65.4,64.43,63.94,62.46,64.45,63.97,65.9,64.37,66.9,66.55,64.96,64.61
08/12/2021 15:00,81,83.34,80.01,82.94,79.01,77.4,76.38,79.24,78.06,84.44,79.02,85.29,86.14,79.94,80.02
08/12/2021 16:00,103.13,108.82,100.57,108.42,95.64,93.09,91.94,97.82,94.55,109.1,97.53,111.13,128.42,98.51,96.39
08/12/2021 17:00,95.2,99.78,92.68,100.3,87.76,85.98,84.67,91.11,88.43,99.82,90.9,103.29,120.3,93.22,87.67
08/12/2021 18:00,59.06,62.45,57.82,61.99,56.04,52.69,54.15,57.38,55.84,62.37,57.3,64.22,73.95,61.09,56.76
08/12/2021 19:00,51.05,55.19,49.97,54.01,47.99,43.72,46.95,48.48,46.37,54.98,48.31,55.51,66.36,50.41,47.78
08/12/2021 20:00,48.42,51.18,48.25,49.49,48.21,44.34,48,47.56,46.72,50.93,47.5,50.22,50.07,47.07,48.2
08/12/2021 21:00,47.53,48.03,47.44,47.84,47.39,46.59,47.3,47.31,47.11,47.97,47.26,48.15,47.88,46.71,47.46
08/12/2021 22:00,41.06,41.2,40.96,41.3,40.88,40.62,40.72,40.94,40.77,41.17,40.94,41.57,41.37,40.66,40.83
08/12/2021 23:00,34.06,34.02,33.92,34.34,33.9,33.63,33.68,33.68,33.74,34.01,33.54,34.62,34.45,33.48,33.79
08/13/2021 00:00,30.4,30.34,30.28,30.66,30.36,29.97,30.14,30.04,30.1,30.33,29.91,30.84,30.76,29.78,30.19
08/13/2021 01:00,26.7,26.68,26.7,26.71,26.73,26.67,26.72,26.66,26.66,26.68,26.65,26.73,26.74,26.69,26.85
08/13/2021 02:00,25.78,25.65,25.75,25.86,25.88,25.64,25.86,25.63,25.63,25.64,25.62,25.88,26.06,25.65,26.21
08/13/2021 03:00,24.35,24.28,24.33,24.4,24.39,24.28,24.38,24.28,24.28,24.28,24.27,24.41,24.51,24.3,24.51
08/13/2021 04:00,23.91,23.87,23.91,23.94,23.95,23.87,23.95,23.87,23.87,23.87,23.86,23.94,24,23.88,24.08
08/13/2021 05:00,24.1,24.07,24.1,24.12,24.14,24.07,24.14,24.07,24.07,24.07,24.07,24.12,24.18,24.08,24.27
08/13/2021 06:00,25.53,25.45,25.51,25.56,25.56,25.47,25.56,25.47,25.47,25.45,25.47,25.57,25.69,25.47,25.67
08/13/2021 07:00,29.88,29.88,29.89,29.88,29.91,29.88,29.91,29.87,29.87,29.88,29.87,29.88,29.88,29.87,30.05
08/13/2021 08:00,29.34,29.33,29.34,29.33,29.37,29.33,29.37,29.33,29.33,29.34,29.33,29.34,29.34,29.33,29.5
08/13/2021 09:00,29.82,29.82,29.82,29.82,29.83,29.82,29.83,29.82,29.82,29.83,29.82,29.82,29.82,29.82,29.89
08/13/2021 10:00,32.6,32.9,32.51,32.67,31.68,32.74,31.74,32.75,32.68,32.9,32.72,33.44,32.6,32.74,31.98
08/13/2021 11:00,36.85,37.19,36.68,37.02,36.2,36.98,35.53,37.01,36.92,37.18,36.96,38.39,37.07,36.99,36.87
08/13/2021 12:00,45.16,44.77,44.92,45.54,46.22,44.85,44.53,44.88,44.85,44.78,44.9,46.52,45.91,44.85,46.99
08/13/2021 13:00,54.65,55.25,54.32,54.95,55.53,55.03,52.04,55.19,54.98,55.26,55.21,55.78,55.5,55.02,57.6
08/13/2021 14:00,71.32,72.21,71.02,71.38,73.87,72.11,68.36,72.46,72.16,72.32,72.36,73.05,73.59,72.11,77.12
08/13/2021 15:00,94.67,94.7,94.13,95.34,98.95,94.55,91.94,94.89,94.66,95.19,94.86,97.78,95.83,94.93,102.93
08/13/2021 16:00,112.73,112.87,112.11,113.52,116.87,112.52,109.5,113,112.75,113.08,112.95,115.59,114.61,113.31,121.07
08/13/2021 17:00,99.38,99.46,99,99.91,103.99,99.23,97.42,99.76,99.64,99.47,99.76,103.01,104.36,100.35,107.93
08/13/2021 18:00,62.62,63.03,62.27,63.15,65.57,62.57,60.32,63.12,62.91,63.03,63.1,65.23,83.06,63.5,68.74
08/13/2021 19:00,52.51,53.06,52.36,52.69,53.15,52.66,51.02,53.09,52.85,53.06,53.09,54.2,66.94,53.27,54.68
08/13/2021 20:00,50.89,51.03,50.93,50.87,50.93,50.89,50.91,51.06,50.98,51.03,51.08,51.38,55.58,51.03,51.67
08/13/2021 21:00,47.38,47.37,47.38,47.37,47.41,47.36,47.43,47.38,47.38,47.37,47.38,47.39,47.38,47.35,47.69
08/13/2021 22:00,42.67,42.67,42.67,42.67,42.68,42.66,42.68,42.66,42.66,42.67,42.66,42.67,42.67,42.67,42.79
08/13/2021 23:00,36.9,36.9,36.91,36.9,36.93,36.89,36.93,36.89,36.89,36.9,36.89,36.9,36.9,36.9,37.07
08/14/2021 00:00,32.75,32.74,32.75,32.74,32.78,32.74,32.78,32.74,32.74,32.74,32.74,32.75,32.75,32.74,32.92
08/14/2021 01:00,28.89,28.84,28.92,28.85,29.18,28.8,29.18,28.79,28.8,28.83,28.79,28.87,28.88,28.81,30.43
08/14/2021 02:00,26.45,26.38,26.48,26.43,26.73,26.34,26.75,26.34,26.33,26.38,26.33,26.44,26.45,26.35,27.78
08/14/2021 03:00,25.04,24.96,25.08,25.02,25.4,24.91,25.42,24.9,24.89,24.96,24.89,25.04,25.05,24.91,26.77
08/14/2021 04:00,24.49,24.45,24.51,24.48,24.67,24.42,24.68,24.42,24.42,24.45,24.42,24.49,24.49,24.43,25.36
08/14/2021 05:00,24.14,24.08,24.17,24.12,24.39,24.05,24.41,24.04,24.04,24.08,24.03,24.14,24.14,24.05,25.41
08/14/2021 06:00,24.62,24.58,24.64,24.61,24.79,24.56,24.81,24.55,24.55,24.58,24.55,24.62,24.63,24.56,25.5
08/14/2021 07:00,27.05,27.01,27.08,27.02,27.26,27.01,27.28,26.98,26.99,27.01,26.98,27.04,27.04,26.99,28.31
08/14/2021 08:00,27.31,27.3,27.32,27.3,27.39,27.3,27.4,27.29,27.29,27.3,27.28,27.31,27.31,27.29,27.79
08/14/2021 09:00,30.01,30,30.01,30,30.05,30,30.05,29.99,29.99,30,29.99,30,30.01,30,30.25
08/14/2021 10:00,33.54,33.53,33.55,33.53,33.6,33.53,33.61,33.52,33.52,33.52,33.52,33.53,33.54,33.52,33.97
08/14/2021 11:00,37.05,37.07,37.01,37.09,37.17,37.05,36.82,37.06,37.04,37.07,37.05,37.09,37.1,37.05,37.5
08/14/2021 12:00,45.66,45.75,45.52,45.82,46.1,45.68,44.82,45.7,45.66,45.75,45.69,45.83,45.84,45.68,47.09
08/14/2021 13:00,51.11,51.31,50.92,51.29,51.91,51.24,49.84,51.31,51.22,51.31,51.27,51.51,51.54,51.25,53.37
08/14/2021 14:00,63.54,63.63,63.35,63.67,64.48,63.88,62.22,63.83,63.77,63.71,63.79,64.03,64.12,64.35,66.34
08/14/2021 15:00,84.73,84.92,84.36,85.09,86.24,85,82.44,85.15,85,85.12,85.1,85.52,85.59,85.11,88.85
08/14/2021 16:00,106.24,106.55,105.88,106.56,107.89,106.64,103.75,106.77,106.55,106.63,106.72,107.11,106.94,106.83,110.82
08/14/2021 17:00,114.09,114.48,113.79,114.48,115.35,114.21,111.99,114.42,114.26,114.47,114.36,114.98,127.44,114.56,117.75
08/14/2021 18:00,75.98,76.37,75.74,76.39,77.05,76.01,74.2,76.27,76.14,76.36,76.21,76.92,96.39,76.39,79.08
08/14/2021 19:00,54.36,54.48,54.3,54.47,54.71,54.39,53.86,54.46,54.41,54.47,54.44,54.63,59.9,54.44,55.47
08/14/2021 20:00,50.73,50.71,50.73,50.71,50.82,50.7,50.8,50.7,50.7,50.71,50.7,50.72,50.72,50.81,51.34
08/14/2021 21:00,47.86,47.86,47.87,47.86,47.91,47.85,47.91,47.85,47.85,47.85,47.85,47.86,47.86,47.86,48.14
08/14/2021 22:00,42.54,42.54,42.55,42.54,42.59,42.53,42.58,42.53,42.53,42.54,42.53,42.54,42.55,42.54,42.78
08/14/2021 23:00,38.19,38.19,38.2,38.18,38.26,38.18,38.25,38.17,38.17,38.18,38.17,38.19,38.19,38.19,38.58
08/15/2021 00:00,34.55,34.54,34.58,34.54,34.78,34.5,34.74,34.49,34.5,34.52,34.49,34.56,34.57,34.5,35.69
08/15/2021 01:00,28.16,28.15,28.18,28.15,28.28,28.14,28.28,28.13,28.14,28.14,28.13,28.16,28.16,28.14,28.81
08/15/2021 02:00,26.81,26.8,26.84,26.8,27.03,26.77,26.99,26.76,26.77,26.79,26.75,26.81,26.82,26.77,27.79
08/15/2021 03:00,25.75,25.66,25.79,25.71,26.15,25.6,26.19,25.59,25.59,25.65,25.57,25.73,25.75,25.61,27.63
08/15/2021 04:00,24.79,24.7,24.84,24.76,25.24,24.64,25.28,24.62,24.62,24.69,24.6,24.77,24.79,24.64,26.91
08/15/2021 05:00,24.1,24.07,24.12,24.09,24.24,24.05,24.25,24.05,24.05,24.07,24.04,24.09,24.1,24.05,24.76
08/15/2021 06:00,24.13,24.1,24.15,24.11,24.3,24.08,24.32,24.07,24.08,24.1,24.07,24.12,24.13,24.08,24.96
08/15/2021 07:00,25.94,25.92,25.95,25.92,26.06,25.91,26.06,25.9,25.91,25.92,25.9,25.93,25.93,25.91,26.54
08/15/2021 08:00,25.39,25.37,25.41,25.37,25.51,25.36,25.52,25.35,25.36,25.37,25.35,25.38,25.39,25.36,26.03
08/15/2021 09:00,27.56,27.55,27.57,27.55,27.62,27.55,27.62,27.55,27.55,27.55,27.55,27.56,27.56,27.55,27.89
08/15/2021 10:00,28.91,28.9,28.92,28.9,28.97,28.9,28.97,28.9,28.9,28.9,28.9,28.91,28.91,28.9,29.28
08/15/2021 11:00,32.62,32.62,32.61,32.63,32.69,32.61,32.59,32.61,32.61,32.62,32.61,32.63,32.63,32.62,32.96
08/15/2021 12:00,37.99,38.02,37.95,38.04,38.13,38,37.75,38,37.99,38.02,38,38.04,38.05,38,38.45
08/15/2021 13:00,45.65,45.73,45.53,45.8,46.03,45.67,44.9,45.69,45.65,45.73,45.68,45.8,45.8,45.68,46.76
08/15/2021 14:00,52.11,52.19,51.97,52.26,52.51,52.14,51.28,52.16,52.11,52.2,52.15,52.27,52.27,52.2,53.31
08/15/2021 15:00,61.24,61.36,61.04,61.46,61.83,61.28,60.05,61.32,61.25,61.36,61.29,61.49,61.46,61.35,62.96
08/15/2021 16:00,68.29,68.54,68.09,68.6,69.03,68.01,67.21,68.56,68.48,68.53,68.54,68.7,69.11,69.64,70.23
08/15/2021 17:00,70.4,70.59,70.24,70.68,70.92,70.01,69.67,70.57,70.54,70.58,70.56,70.69,70.93,71.69,71.77
08/15/2021 18:00,59.26,59.61,59.19,59.53,59.76,58.97,58.64,59.55,59.52,59.6,59.54,60.04,79.53,60.76,60.52
08/15/2021 19:00,52,52.2,51.99,52.13,52.22,51.81,51.81,52.17,52.16,52.19,52.16,52.41,64.32,52.91,52.59
08/15/2021 20:00,50.12,50.15,50.13,50.15,50.24,49.98,50.24,50.14,50.14,50.14,50.14,50.17,50.92,50.39,50.82
08/15/2021 21:00,44.01,44,44.02,44,44.08,43.99,44.08,43.99,43.99,44,43.99,44,44.01,44,44.44
08/15/2021 22:00,37.36,37.35,37.36,37.35,37.4,37.34,37.4,37.34,37.35,37.35,37.34,37.35,37.35,37.35,37.6
08/15/2021 23:00,34.72,34.71,34.73,34.7,34.81,34.7,34.82,34.69,34.7,34.7,34.69,34.71,34.72,34.7,35.25
08/16/2021 00:00,30.54,30.53,30.56,30.52,30.66,30.5,30.66,30.5,30.51,30.53,30.5,30.53,30.54,30.51,31.23
08/16/2021 01:00,26.49,26.47,26.5,26.47,26.61,26.46,26.61,26.45,26.46,26.47,26.45,26.48,26.49,26.46,27.12
08/16/2021 02:00,24.69,24.67,24.71,24.69,24.82,24.64,24.83,24.64,24.64,24.66,24.64,24.69,24.7,24.65,25.31
08/16/2021 03:00,23.55,23.52,23.56,23.54,23.68,23.5,23.69,23.5,23.49,23.52,23.49,23.55,23.55,23.5,24.17
08/16/2021 04:00,23.17,23.14,23.18,23.16,23.3,23.12,23.31,23.12,23.12,23.14,23.12,23.17,23.18,23.13,23.8
08/16/2021 05:00,23.55,23.54,23.56,23.54,23.62,23.53,23.62,23.53,23.53,23.54,23.52,23.55,23.55,23.53,23.97
08/16/2021 06:00,25.2,25.18,25.2,25.19,25.27,25.17,25.28,25.17,25.17,25.18,25.17,25.2,25.2,25.17,25.57
08/16/2021 07:00,26.18,26.17,26.18,26.17,26.23,26.16,26.24,26.16,26.16,26.17,26.16,26.17,26.18,26.16,26.5
08/16/2021 08:00,26.36,26.36,26.37,26.36,26.4,26.35,26.4,26.35,26.35,26.36,26.35,26.36,26.36,26.36,26.59
08/16/2021 09:00,26.74,26.74,26.75,26.74,26.78,26.73,26.78,26.73,26.73,26.74,26.73,26.74,26.74,26.73,26.94
08/16/2021 10:00,28.52,28.73,28.53,28.56,28.56,28.32,28.5,28.41,28.34,28.73,28.4,28.56,28.56,28.32,28.66
08/16/2021 11:00,32.5,32.82,32.46,32.6,32.62,32.25,32.15,32.37,32.26,32.83,32.36,32.63,32.61,32.28,32.9
08/16/2021 12:00,37.98,38.08,37.81,38.15,38.3,38.01,37.01,38.02,37.96,38.08,38,38.21,38.16,38.21,38.77
08/16/2021 13:00,43.53,43.67,43.34,43.74,43.87,43.58,42.35,43.59,43.52,43.67,43.57,43.84,43.75,44.02,44.37
08/16/2021 14:00,62,62.1,61.8,62.21,62.54,62.06,60.84,62.05,62,62.1,62.04,62.22,62.22,62.57,63.44
08/16/2021 15:00,70.19,70.32,69.91,70.49,71.01,70.33,68.5,70.28,70.21,70.55,70.25,70.57,72.84,71.58,72.59
08/16/2021 16:00,74.09,74.36,73.77,74.47,75.12,74.29,71.96,74.24,74.14,74.36,74.2,74.77,83.78,76.02,77.03
08/16/2021 17:00,66.96,67.26,66.72,67.3,67.8,67.02,65.29,67.19,67.08,67.26,67.15,67.72,80.15,67.98,69.27
08/16/2021 18:00,52.44,52.7,52.27,52.7,53.07,52.45,51.25,52.63,52.54,52.7,52.6,53.05,63.89,53.62,54.21
08/16/2021 19:00,44.61,44.7,44.54,44.71,44.84,44.59,44.17,44.68,44.64,44.7,44.67,44.81,47.84,44.79,45.27
08/16/2021 20:00,48.32,48.48,48.32,48.37,48.39,48.11,48.33,48.26,48.23,48.47,48.26,48.41,49.53,48.01,48.77
08/16/2021 21:00,46.48,46.47,46.48,46.5,46.55,46.38,46.57,46.5,46.53,46.47,46.5,46.5,46.5,46.17,46.84
08/16/2021 22:00,39.38,39.38,39.38,39.44,39.48,39.19,39.5,39.44,39.51,39.37,39.45,39.44,39.44,38.76,39.66
08/16/2021 23:00,35.87,35.86,35.89,35.87,36,35.81,36,35.86,35.88,35.85,35.86,35.88,35.89,35.73,36.5
08/17/2021 00:00,31.25,31.39,31.27,31.26,31.4,31.06,31.39,31.12,31.08,31.39,31.11,31.26,31.27,31.07,32
08/17/2021 01:00,27.55,27.56,27.57,27.54,27.71,27.5,27.69,27.5,27.5,27.55,27.5,27.55,27.56,27.51,28.3
08/17/2021 02:00,25.15,25.12,25.19,25.15,25.42,25.09,25.39,25.08,25.08,25.12,25.07,25.16,25.16,25.1,26.37
08/17/2021 03:00,23.6,23.57,23.64,23.6,23.84,23.53,23.84,23.53,23.53,23.57,23.53,23.61,23.62,23.54,24.69
08/17/2021 04:00,23.07,23.04,23.1,23.07,23.29,23.01,23.29,23,23,23.03,23,23.07,23.08,23.01,24.1
08/17/2021 05:00,23.05,23.03,23.06,23.05,23.14,23.02,23.15,23.02,23.02,23.03,23.02,23.05,23.05,23.02,23.51
08/17/2021 06:00,24.51,24.5,24.52,24.51,24.59,24.49,24.59,24.49,24.49,24.5,24.49,24.51,24.52,24.49,24.88
08/17/2021 07:00,26.11,26.1,26.12,26.1,26.18,26.09,26.18,26.09,26.09,26.1,26.09,26.11,26.11,26.09,26.49
08/17/2021 08:00,26.04,26.03,26.05,26.03,26.1,26.02,26.1,26.02,26.02,26.03,26.02,26.03,26.03,26.03,26.39
08/17/2021 09:00,28.6,28.63,28.6,28.6,28.63,28.56,28.63,28.57,28.56,28.63,28.57,28.6,28.6,28.56,28.8
08/17/2021 10:00,30.69,30.81,30.7,30.7,30.72,30.55,30.72,30.61,30.56,30.82,30.6,30.7,30.71,30.55,30.87
08/17/2021 11:00,32.3,32.59,32.28,32.35,32.01,32.15,32.01,32.23,32.15,32.59,32.22,32.61,32.35,32.17,32.19
08/17/2021 12:00,37.04,37.09,37.01,37.07,36.98,37.07,36.81,37.06,37.05,37.09,37.06,37.18,37.07,37.25,37.17
08/17/2021 13:00,40.6,40.72,40.52,40.67,40.4,40.66,40.05,40.65,40.62,40.72,40.64,40.93,40.67,41.03,40.7
08/17/2021 14:00,49.55,49.6,49.47,49.63,49.78,49.55,49.07,49.56,49.54,49.6,49.56,49.66,49.68,49.77,50.07
08/17/2021 15:00,60.45,60.54,60.31,60.61,60.84,60.41,59.67,60.5,60.45,60.64,60.48,60.63,60.64,61.15,61.37
08/17/2021 16:00,60.47,60.84,60.33,60.78,60.97,59.78,59.93,60.61,60.49,60.83,60.61,60.79,60.83,62.71,61.58
08/17/2021 17:00,51.48,52.76,51.33,52.22,52.21,48.85,51.47,51.85,51.25,52.75,51.87,52.29,53.15,55.57,52.6
08/17/2021 18:00,44.19,45.67,44.04,45.13,45.06,40.84,44.54,44.44,44.32,45.58,44.43,45.17,45.52,44.35,45.48
08/17/2021 19:00,37.75,38.9,37.61,38.7,38.48,34.49,38.33,38.35,38.3,38.91,38.38,38.81,38.95,36.16,38.83
08/17/2021 20:00,39.67,40.41,39.57,40.52,39.89,36.67,40.67,40.27,40.5,40.42,40.31,40.49,40.52,36.38,41.12
08/17/2021 21:00,38.79,39.02,38.73,39.29,38.49,37.14,39.47,39.17,39.54,38.99,39.22,39.27,39.27,34.42,39.73
08/17/2021 22:00,32.72,32.7,32.67,33.06,31.98,31.67,33.25,33.09,33.44,32.68,33.13,33.05,33.04,29.48,33.5
08/17/2021 23:00,32.4,32.41,32.38,32.59,31.05,31.75,32.75,32.58,32.77,32.4,32.61,32.59,32.59,30.36,33.12
08/18/2021 00:00,28.2,28.22,28.18,28.41,27.15,27.5,28.59,28.39,28.58,28.21,28.42,28.41,28.41,26.05,29.03
08/18/2021 01:00,25.51,25.24,25.43,25.88,25.06,24.51,26.06,25.6,25.9,25.23,25.64,25.89,26.25,22.87,26.64
08/18/2021 02:00,22.75,22.54,22.68,23.09,23.17,21.8,23.29,22.87,23.17,22.52,22.91,23.1,23.36,20.22,23.85
08/18/2021 03:00,21.94,21.79,21.89,22.26,22.37,21.04,22.46,22.12,22.42,21.77,22.16,22.26,22.43,19.47,22.97
08/18/2021 04:00,21.88,21.78,21.85,22.04,22.15,21.39,22.19,21.94,22.09,21.77,21.96,22.04,22.15,20.65,22.63
08/18/2021 05:00,21.71,21.65,21.69,21.78,21.82,21.49,21.84,21.73,21.79,21.65,21.74,21.78,21.85,21.17,22.04
08/18/2021 06:00,22.65,22.54,22.62,22.74,22.75,22.46,22.75,22.6,22.63,22.54,22.6,22.75,22.93,22.26,22.91
08/18/2021 07:00,24.04,24,24.03,24.07,24.1,23.95,24.11,24.02,24.04,24,24.02,24.07,24.13,23.84,24.26
08/18/2021 08:00,24.53,24.52,24.44,25,25.15,23.05,25.21,25.12,25.85,24.49,25.17,25.01,25.03,22.46,25.32
08/18/2021 09:00,24.43,24.41,24.36,24.82,24.92,23.24,24.96,24.89,25.47,24.38,24.93,24.83,24.88,22.75,25.03
08/18/2021 10:00,24.21,24.45,24.16,24.41,24.16,23.58,24.18,24.35,24.49,24.43,24.35,24.61,24.41,23.43,24.24
08/18/2021 11:00,24.12,24.46,24.06,24.3,23.92,23.6,23.89,24.2,24.24,24.44,24.19,24.59,24.29,23.75,24.02
08/18/2021 12:00,27.03,27.55,26.9,27.37,26.87,26.12,26.57,27.19,27.24,27.52,27.17,27.77,27.36,26.92,27
08/18/2021 13:00,27.47,28.61,27.31,27.99,27.2,25.92,26.72,27.57,27.22,28.54,27.56,28.54,27.98,29.06,27.34
08/18/2021 14:00,35,37.43,34.81,35.99,35.45,31.33,34.51,34.7,34.07,37.26,34.64,36.22,35.99,36.28,35.48
08/18/2021 15:00,40.17,42.85,39.83,41.71,41,34.93,39.82,40.33,39.07,43.05,40.31,42.11,41.73,40.97,41.05
08/18/2021 16:00,43.3,46.3,42.93,44.96,44.14,37.72,42.75,43.63,42.54,46.26,43.7,45.45,44.97,44.6,44.35
08/18/2021 17:00,42.57,45.41,42.22,44.22,43.23,37,42.27,42.85,42.5,45.32,42.81,44.88,44.22,43.67,43.79
08/18/2021 18:00,36.34,39.33,36.08,37.93,37.1,30.59,36.48,36.85,36.04,39.13,36.96,38.45,37.95,37.33,37.62
08/18/2021 19:00,32.08,34.4,31.83,33.61,32.05,26.77,32.52,33.03,32.51,34.25,33.18,34.14,33.59,32.06,33.12
08/18/2021 20:00,30.66,32.64,30.47,31.96,30,26,31.27,31.15,31.18,32.5,31.15,32.37,31.95,30.12,31.54
08/18/2021 21:00,27.88,28.98,27.71,29,26.37,24.07,28.77,28.7,28.54,29.25,28.86,29.13,28.97,27.71,28.95
08/18/2021 22:00,25.56,26.51,25.46,26.38,21.34,22.68,26.26,26.04,26.2,26.53,26.1,26.42,26.36,23.34,26.34
08/18/2021 23:00,25,25.28,24.93,25.55,12.03,23.23,25.65,25.44,25.63,25.32,25.49,25.56,25.53,22.42,25.89
08/19/2021 00:00,23.96,24.08,23.86,24.56,13.36,22.13,24.68,24.3,24.62,24.07,24.35,24.56,24.74,20.34,24.92
08/19/2021 01:00,28.61,28.65,28.51,29.16,26.62,26.97,29.25,28.95,29.36,28.64,28.99,29.2,29.17,24.53,29.65
08/19/2021 02:00,24.67,24.72,24.56,25.26,23.2,22.93,25.35,25.08,25.54,24.69,25.12,25.29,25.26,20,25.61
08/19/2021 03:00,24.06,24.07,23.97,24.55,22.63,22.62,24.63,24.4,24.82,24.05,24.44,24.58,24.55,20.22,24.89
08/19/2021 04:00,22.83,22.84,22.75,23.27,21.7,21.53,23.37,23.14,23.52,22.82,23.18,23.3,23.27,19.36,23.62
08/19/2021 05:00,23.62,23.63,23.57,23.92,22.57,22.76,23.96,23.81,24.05,23.61,23.83,23.94,23.92,21.4,24.16
08/19/2021 06:00,25.72,25.72,25.67,25.96,24.95,25.02,25.97,25.84,26.03,25.7,25.85,25.99,25.97,23.95,26.14
08/19/2021 07:00,28.63,28.65,28.59,28.76,28.4,28.27,28.69,28.72,28.82,28.65,28.71,28.84,28.77,27.66,28.83
08/19/2021 08:00,26.25,26.3,26.21,26.33,26.09,26.16,26.05,26.23,26.24,26.29,26.2,26.51,26.35,26.06,26.13
08/19/2021 09:00,26.41,26.58,26.28,26.58,25.72,26.31,25.65,26.36,26.33,26.57,26.29,27.18,26.6,26.27,25.73
08/19/2021 10:00,23.66,25.05,22.92,24.49,18.71,23.57,18.58,23.67,23.42,25,23.37,28.38,24.67,23.82,19.02
08/19/2021 11:00,26.61,28.79,25.4,28.21,19.5,25.54,19.07,25.89,25.58,28.66,25.43,32.31,29.37,26.19,19.55
08/19/2021 12:00,30.42,33.14,29.78,31.19,25.44,29.82,24.95,30.61,30.27,33.02,30.23,34.36,31.5,30.7,25.51
08/19/2021 13:00,35.74,39.13,35.07,36.87,31.78,33.61,30.65,35.57,34.38,38.93,35.41,39.69,37.21,35.75,31.99
08/19/2021 14:00,43.85,48.89,43.36,45.39,41.36,38.82,40.35,42.56,41.18,48.54,42.31,47.05,45.68,44.4,41.93
08/19/2021 15:00,51.33,57.43,50.59,53.45,46.27,44.96,46.54,50.33,48.46,57.02,50.22,55.9,54.3,52.91,48.53
08/19/2021 16:00,56.6,63.55,55.83,58.96,51.13,49.18,51.65,55.51,53.45,63.08,55.38,61.76,59.21,58.29,53.89
08/19/2021 17:00,58.07,65.72,57.25,60.69,51.81,49.77,52.83,57.44,54.52,65.2,57.6,64.08,60.94,57.94,54.81
08/19/2021 18:00,41.89,47.61,41.17,44.14,35.78,35.03,37.9,41.45,39.84,47.26,41.39,46.57,44.6,42.98,39.17
08/19/2021 19:00,36.07,40.55,35.46,38,27.72,30.3,33,36.47,35.23,40.3,36.41,40.65,38.01,36.07,33.8
08/19/2021 20:00,36.95,40.03,36.55,38.42,28.22,32.4,35.36,37.43,37.01,39.86,37.36,40.09,38.39,35.79,35.78
08/19/2021 21:00,34.86,36.11,34.58,35.58,21.69,33.14,33.47,35.39,35.39,36.06,35.34,36.88,35.55,34.05,33.72
08/19/2021 22:00,30.81,31.25,30.61,31.15,10.8,30.33,29.73,31.19,31.3,31.24,31.17,32.05,31.13,30.01,29.92
08/19/2021 23:00,32.36,32.54,32.2,32.7,7.56,31.78,31.8,32.45,32.57,32.53,32.42,33.15,32.78,31.03,31.95
08/20/2021 00:00,28.13,28.21,28.02,28.37,3.12,27.68,27.83,28.15,28.26,28.2,28.13,28.61,28.46,27.09,28.02
08/20/2021 01:00,27.2,27.26,27.02,27.61,7.91,26.44,26.79,27.22,27.39,27.24,27.19,27.77,27.9,25.3,26.89
08/20/2021 02:00,24.69,24.82,24.39,25.25,8.14,23.9,23.59,24.6,24.77,24.8,24.55,25.55,25.85,22.89,23.72
08/20/2021 03:00,22.45,22.54,22.17,22.9,8.01,21.97,21.27,22.21,22.26,22.52,22.14,23.21,23.48,21.56,21.38
08/20/2021 04:00,21.31,21.45,20.99,21.74,7.17,21,19.76,21,20.96,21.43,20.93,22.1,22.5,21,19.94
08/20/2021 05:00,21.51,21.7,21.19,21.94,7.53,21.29,19.83,21.26,21.2,21.68,21.18,22.35,22.62,21.37,20.03
08/20/2021 06:00,22.55,22.69,22.31,22.88,14.5,22.38,21.28,22.36,22.3,22.68,22.29,23.19,23.38,22.48,21.39
08/20/2021 07:00,25.74,26.19,25.44,26.03,19.13,25.86,23.68,25.89,25.77,26.18,25.77,26.96,26.47,25.98,23.85
08/20/2021 08:00,26.41,27.02,26.08,26.72,22.11,26.61,23.98,26.63,26.49,27,26.47,28.19,27.07,26.73,24.19
08/20/2021 09:00,25.17,25.94,24.84,25.4,21.75,25.66,22.37,25.46,25.6,25.93,25.25,27.25,25.45,25.98,22.29
08/20/2021 10:00,24.91,27.43,23.58,26,14.98,26.33,14.58,25.7,26.05,27.39,25.16,31.56,26.56,27.13,14.74
08/20/2021 11:00,26.75,29.35,24.92,28.59,14.81,27.47,14.26,26.79,26.98,29.28,26.08,34.06,30.57,28.43,14.67
08/20/2021 12:00,33.4,36.56,32.41,34.04,25.01,34.76,24.29,34.45,34.44,36.57,33.67,38.68,35.44,35.8,24.87
08/20/2021 13:00,36.43,40.34,35.2,38.1,29.29,34.65,27.71,36.25,35.38,40.43,35.98,42.58,40.2,37.85,28.79
08/20/2021 14:00,41,45.6,40.07,42.88,36.06,36.84,34.94,40.46,39.43,45.69,40.29,45.93,43.68,43.54,36.13
08/20/2021 15:00,55.62,61.66,54.5,58.25,50.4,48.99,49.11,54.32,52.62,62.14,54.04,61.52,60.5,57.91,50.6
08/20/2021 16:00,63.79,70.41,62.72,66.48,58.59,56.57,57.4,62.61,60.27,70.51,62.35,69.9,68.49,66.38,58.9
08/20/2021 17:00,68.3,75.68,67.17,71.24,62.23,60.21,61.53,67.16,64.55,75.75,67,75.18,73.16,71.24,62.67
08/20/2021 18:00,45.14,50.8,44.29,47.66,40.48,37.9,40.79,44.61,42.74,50.88,44.46,50.15,48.64,45.31,41.69
08/20/2021 19:00,38.29,43.04,37.64,40.41,32.65,31.96,35.14,39.08,37.57,43.04,39.14,43.23,40.38,36.57,35.83
08/20/2021 20:00,38.7,41.67,38.34,40.06,32.96,34.36,37.27,38.99,38.61,41.49,38.89,41.57,40.05,36.84,37.7
08/20/2021 21:00,36.14,36.92,35.97,36.65,29.52,34.8,35.51,36.47,36.56,36.88,36.45,37.35,36.63,34.24,35.67
08/20/2021 22:00,31.13,31.61,30.91,31.48,23.07,30.74,29.82,31.5,31.63,31.6,31.47,32.51,31.46,29.76,30.06
08/20/2021 23:00,31.31,31.66,31.08,31.68,19.09,30.89,30.08,31.41,31.47,31.64,31.32,32.53,31.78,30.11,30.27
08/21/2021 00:00,27.05,27.16,26.87,27.33,12.73,26.7,26.28,26.91,26.91,27.15,26.82,27.68,27.57,26.36,26.38
08/21/2021 01:00,27.36,27.46,27.06,27.79,9.94,27.05,25.94,27,26.95,27.44,26.89,28.11,28.44,27.09,26.03
08/21/2021 02:00,26.21,26.42,25.73,26.87,7.82,25.82,23.83,25.74,25.68,26.4,25.6,27.39,28.01,25.91,24.03
08/21/2021 03:00,24.91,25.14,24.45,25.53,12.07,24.58,22.55,24.5,24.46,25.11,24.37,26.02,26.63,24.68,22.74
08/21/2021 04:00,22.94,23.13,22.56,23.46,13.96,22.66,20.99,22.59,22.55,23.11,22.49,23.87,24.37,22.74,21.17
08/21/2021 05:00,22.53,22.71,22.16,23.03,15.82,22.26,20.62,22.22,22.16,22.69,22.12,23.42,23.93,22.29,20.8
08/21/2021 06:00,23.28,23.33,23.18,23.41,19.85,23.21,22.76,23.2,23.19,23.32,23.18,23.51,23.65,23.23,22.81
08/21/2021 07:00,25.13,25.19,25.04,25.23,23.45,25.09,24.66,25.13,25.06,25.18,25.05,25.32,25.42,25.14,24.68
08/21/2021 08:00,26.11,26.14,26.08,26.14,25.85,26.11,25.94,26.19,26.08,26.14,26.1,26.17,26.19,26.15,25.93
08/21/2021 09:00,28.16,28.21,28.14,28.18,28.03,28.18,28,28.31,28.14,28.21,28.18,28.25,28.18,28.24,27.99
08/21/2021 10:00,29.99,30.62,29.77,30.1,27.96,30.49,27.87,30.57,30.42,30.61,30.26,31.32,30.08,30.84,27.8
08/21/2021 11:00,34.26,34.92,34.02,34.4,32.36,34.71,32.04,35.12,34.54,34.92,34.54,35.54,34.39,35.28,32.14
08/21/2021 12:00,36.23,38.03,35.91,36.64,34.3,35.78,33.18,36.58,35.7,37.91,36.11,37.98,36.62,36.58,34.24
08/21/2021 13:00,48.44,53.89,48.22,49.55,48.37,43.69,45.76,45.93,44.12,53.54,45.6,49.97,49.61,44.04,48.02
08/21/2021 14:00,52.2,60.01,51.81,54.13,52.76,44.43,48.67,48.76,45.84,60.01,48.48,54.53,54.22,46.59,52.41
08/21/2021 15:00,70.44,81.78,69.83,73.79,71.37,57.04,66.72,73.02,57.52,82.08,76.28,74.34,74.22,60.55,70.47
08/21/2021 16:00,88.97,100,88,92.97,90.08,74.68,84.33,95.43,74.98,100.4,100.32,94.47,93.32,78.6,89.45
08/21/2021 17:00,72.18,81.06,71.04,76.02,71.91,59.97,67.1,77.79,61.01,81.27,81.71,77.65,77.01,63.98,71.52
08/21/2021 18:00,52.84,59.27,51.67,55.96,51.31,44.29,47.15,56.15,46.21,59.33,58.3,58.19,57.04,47.99,51.35
08/21/2021 19:00,45.28,48.7,44.58,47.09,42.53,40.65,41.89,47.64,42.1,48.7,48.86,48.9,47.76,42.3,43.61
08/21/2021 20:00,49.17,52.21,49.1,50,48.04,45.58,48.61,48.06,47.35,52.22,47.92,50.51,50.01,43.77,48.75
08/21/2021 21:00,49.23,50.48,49.22,49.53,48.27,47.85,49.02,48.89,48.62,50.63,48.82,49.73,49.53,46.23,49.06
08/21/2021 22:00,36.65,36.85,36.58,36.71,35.56,36.65,36.13,36.71,36.67,36.84,36.69,37.08,36.71,36.64,36.21
08/21/2021 23:00,32.8,32.9,32.76,32.85,31.9,32.81,32.47,32.84,32.81,32.9,32.81,33.08,32.85,32.8,32.54
08/22/2021 00:00,28.86,28.86,28.85,28.87,28.16,28.84,28.83,28.84,28.85,28.86,28.84,28.89,28.87,28.85,28.87
08/22/2021 01:00,27.71,27.72,27.71,27.71,27.7,27.73,27.69,27.72,27.73,27.72,27.71,27.72,27.71,27.74,27.69
08/22/2021 02:00,27.38,27.4,27.36,27.4,27.18,27.4,27.26,27.38,27.4,27.4,27.37,27.42,27.45,27.41,27.26
08/22/2021 03:00,24.91,24.93,24.89,24.92,24.55,24.94,24.75,24.91,24.94,24.93,24.91,24.94,24.97,24.96,24.75
08/22/2021 04:00,23.05,23.06,23.04,23.05,22.63,23.06,22.99,23.05,23.06,23.06,23.04,23.06,23.07,23.06,23
08/22/2021 05:00,22.69,22.7,22.68,22.7,22.15,22.69,22.65,22.69,22.69,22.7,22.69,22.7,22.71,22.7,22.66
08/22/2021 06:00,23.17,23.17,23.17,23.17,22.62,23.18,23.17,23.17,23.18,23.17,23.17,23.17,23.17,23.18,23.18
08/22/2021 07:00,24.92,24.92,24.92,24.91,24.39,24.93,24.91,24.92,24.93,24.92,24.92,24.91,24.91,24.93,24.91
08/22/2021 08:00,25.95,25.95,25.95,25.95,25.7,25.95,25.95,25.95,25.95,25.95,25.95,25.95,25.95,25.96,25.96
08/22/2021 09:00,28.23,28.23,28.23,28.23,28,28.23,28.23,28.23,28.23,28.23,28.23,28.23,28.23,28.24,28.23
08/22/2021 10:00,27.35,27.67,27.28,27.32,26.43,27.79,26.36,27.61,27.84,27.67,27.6,27.75,27.3,28.04,26.2
08/22/2021 11:00,29.34,30.14,29.11,29.32,27.14,30.39,26.59,30,30.46,30.15,29.98,30.43,29.29,31.15,26.74
08/22/2021 12:00,35.32,36.19,34.89,35.51,33.51,36.37,31.5,36.08,36.41,36.2,35.97,36.52,35.48,37.48,32.17
08/22/2021 13:00,36.75,37.99,36.07,37.25,34.76,37.73,31.32,37.89,37.74,37.99,37.97,38.75,37.22,39.26,34.04
08/22/2021 14:00,44.18,45.6,43.41,44.85,42.4,44.77,38.42,45.15,44.74,45.7,45.22,46.35,44.83,45.58,42.35
08/22/2021 15:00,54.24,57.16,53.16,55.6,52.24,53.12,46.78,55.79,53.1,57.36,56.43,57.55,55.58,54.76,52.05
08/22/2021 16:00,62.91,66.9,61.14,65.75,60.75,58.83,53.08,67.76,57.87,67.75,70.03,67.85,66.29,62.41,60.08
08/22/2021 17:00,63.82,68.9,61.72,67.86,59.17,56.2,53.92,74.4,54.7,69,80.16,69.97,69.7,59.69,58.22
08/22/2021 18:00,53.13,56.45,50.21,57.83,39.46,47.36,39.19,59.21,47.16,56.22,62.7,60.46,61.95,52.2,42.39
08/22/2021 19:00,44.52,46.55,42.96,46.9,34.69,42.05,36.32,44.41,42.87,46.55,44.24,49.21,48.72,45.07,38.51
08/22/2021 20:00,52.03,53.96,51.84,52.81,45.73,49.57,51.01,51.97,51.93,53.79,51.91,53.75,52.77,47.33,51.16
08/22/2021 21:00,40.72,41.45,40.51,41,31.33,40.51,39.06,40.99,40.91,41.42,40.91,42.18,40.96,40.1,39.27
08/22/2021 22:00,33.66,34.15,33.48,33.85,13.66,33.68,32.23,33.89,33.85,34.14,33.84,34.85,33.82,33.5,32.41
08/22/2021 23:00,31.1,31.55,30.91,31.27,6.63,31.27,29.53,31.31,31.3,31.54,31.25,32.19,31.34,31.25,29.65
08/23/2021 00:00,27.94,28.25,27.85,27.97,4.36,28.23,26.95,28.17,28.31,28.25,28.14,28.44,27.96,28.34,26.88
08/23/2021 01:00,26.64,26.81,26.4,26.95,3.77,26.55,25.29,26.53,26.5,26.8,26.48,27.19,27.62,26.57,25.47
08/23/2021 02:00,23.78,23.99,23.52,24.1,3.09,23.75,22.23,23.69,23.7,23.98,23.64,24.37,24.85,23.79,22.38
08/23/2021 03:00,22.46,22.67,22.18,22.8,1.85,22.41,20.84,22.36,22.35,22.66,22.31,23.08,23.59,22.45,21
08/23/2021 04:00,21.19,21.3,21.05,21.36,1.83,21.16,20.38,21.13,21.13,21.29,21.1,21.51,21.76,21.17,20.51
08/23/2021 05:00,21.75,21.88,21.61,21.93,1.87,21.72,20.89,21.71,21.68,21.87,21.69,22.17,22.31,21.74,21.08
08/23/2021 06:00,23.95,24.02,23.84,24.08,4.76,23.91,23.34,23.9,23.88,24.01,23.88,24.19,24.38,23.93,23.43
08/23/2021 07:00,27.09,27.15,27.07,27.1,14.1,27.11,26.9,27.11,27.11,27.15,27.11,27.27,27.1,27.12,26.97
08/23/2021 08:00,27.66,27.69,27.65,27.67,16.14,27.67,27.57,27.68,27.67,27.69,27.68,27.75,27.67,27.68,27.6
08/23/2021 09:00,28.72,28.83,28.68,28.75,25.48,28.77,28.36,28.77,28.75,28.83,28.76,29.05,28.74,28.78,28.42
08/23/2021 10:00,29.52,30.42,29.18,29.78,25.74,29.92,26.6,29.95,29.78,30.4,29.86,32.28,29.7,29.94,27
08/23/2021 11:00,29.49,30.71,28.95,29.94,25.72,30.06,25.07,30.08,29.84,30.68,29.96,33.11,29.83,30.56,26.56
08/23/2021 12:00,35.25,36.48,34.62,35.8,31.8,35.86,30.32,35.85,35.58,36.46,35.72,38.81,35.7,37.28,32.62
08/23/2021 13:00,43.7,46.67,42.93,44.69,40.71,42.67,37.68,43.18,42.59,46.67,42.83,47.69,44.68,43.55,41.47
08/23/2021 14:00,54.04,58.31,52.59,55.99,48.37,52.06,44.02,52.77,51.93,58.31,52.35,60.75,58.07,52.84,49.36
08/23/2021 15:00,76.19,86.43,74.66,79.37,69.54,68.29,64.54,72.97,68.72,87.35,72.64,84.93,81.48,71.56,70.18
08/23/2021 16:00,98.01,113.2,95.4,103.98,87.03,82.93,81.47,101.86,82.88,114.28,104.89,111.98,108.47,91.33,88.29
08/23/2021 17:00,70.11,83.52,67.64,75.59,56.72,56.77,54.68,72.13,58.29,83.52,74.05,83.59,79.64,66.77,60.3
08/23/2021 18:00,53.02,61.22,50.75,57.43,38.56,44.2,40.15,56.37,45.22,60.72,58.73,63.56,60.36,52.46,44.93
08/23/2021 19:00,42.55,46.11,41.35,44.62,28.64,39.09,35.59,47.07,40.06,46.11,48.83,49.07,45.38,44.78,38.39
08/23/2021 20:00,44.32,47.17,44.01,45,29.34,42.53,41.33,43.96,42.94,46.97,43.91,47.21,44.97,43.06,41.84
08/23/2021 21:00,41.17,42.6,40.95,41.51,21.17,40.54,39.16,41.16,40.6,42.51,41.14,43.01,41.48,40.71,39.44
08/23/2021 22:00,36.67,37.59,36.32,36.97,15.35,36.95,33.77,37.27,36.81,37.57,37.28,39.2,36.92,37.05,34.13
08/23/2021 23:00,31.81,32.38,31.57,32.01,2.67,32.02,29.88,32.03,31.93,32.37,31.96,33.48,31.99,32.06,30.16
08/24/2021 00:00,27.92,28.09,27.83,28,2.46,27.97,27.26,27.97,27.94,28.09,27.94,28.38,28.06,27.99,27.36
08/24/2021 01:00,25.16,25.78,24.38,26.06,-1.43,25.11,20.58,24.96,25,25.76,24.85,26.8,28.18,25.28,20.94
08/24/2021 02:00,23.08,23.75,22.32,23.95,-2.71,23.17,18.4,22.95,23.1,23.72,22.83,24.7,26.04,23.43,18.67
08/24/2021 03:00,21.81,22.46,21.04,22.67,-2.91,21.88,17.14,21.65,21.77,22.43,21.53,23.44,24.78,22.22,17.43
08/24/2021 04:00,21.69,22.18,21.14,22.31,-0.16,21.79,18.27,21.6,21.73,22.16,21.52,22.87,23.82,22.01,18.46
08/24/2021 05:00,21.61,21.99,21.14,22.15,1.19,21.61,18.8,21.49,21.53,21.98,21.42,22.65,23.42,21.72,19.03
08/24/2021 06:00,22.87,23.22,22.45,23.35,-0.02,22.89,20.35,22.8,22.82,23.21,22.74,23.8,24.48,22.98,20.58
08/24/2021 07:00,25.95,26.23,25.79,26.07,4.52,26.17,24.7,26.08,26.17,26.23,26.05,26.53,26.33,26.29,24.71
08/24/2021 08:00,27.35,27.58,27.27,27.39,10.88,27.57,26.55,27.5,27.57,27.58,27.48,27.84,27.42,27.66,26.55
08/24/2021 09:00,28.3,28.61,28.2,28.34,19.08,28.56,27.29,28.49,28.55,28.61,28.47,29.04,28.32,28.66,27.32
08/24/2021 10:00,26.89,28.28,26.4,27.18,18.67,27.79,22.35,27.64,27.62,28.27,27.52,30.64,27.08,28.05,22.71
08/24/2021 11:00,30.23,31.77,29.63,30.63,23.94,31.16,24.95,31.02,30.96,31.75,30.87,34.42,30.52,31.7,25.83
08/24/2021 12:00,37,38.32,36.31,37.59,33.56,37.6,31.72,38.04,37.29,38.3,37.98,40.5,37.52,38.61,34.24
08/24/2021 13:00,45.09,46.33,44.33,45.85,43.02,45.25,39.88,45.76,45.04,46.41,45.73,48.29,45.81,45.85,43.74
08/24/2021 14:00,52.63,55.2,51.49,53.97,50.54,51.95,44.85,53.2,51.78,55.31,53.12,57.35,55.69,53.35,51.47
08/24/2021 15:00,75.98,83.4,75.15,77.6,75.52,71.57,68,78.35,71.25,84.5,79.18,83.17,82.86,74.48,76.13
08/24/2021 16:00,111.26,122.28,109.78,114.68,109.43,101.96,100.21,119.42,100,123.36,122.96,121.54,127.18,107.28,109.66
08/24/2021 17:00,101.88,115.67,100.46,105.9,100.45,89.28,91.01,113.8,87.41,115.87,118.69,113.9,118.06,94.86,100.33
08/24/2021 18:00,59.93,66.33,58.84,62.11,59.6,55.15,51.75,64.61,55.35,66.49,66.68,67.44,82.11,61.13,60.36
08/24/2021 19:00,50.12,53.86,49.45,51.76,47.87,46.01,46.16,54.26,46.46,53.89,56.36,54.59,59.77,48.31,48.44
08/24/2021 20:00,48.74,51.03,48.57,49.38,46.9,46.56,47.29,48.29,47.6,50.88,48.25,50.49,50.38,45.95,47.73
08/24/2021 21:00,45.96,47,45.84,46.26,42.02,45.15,44.95,45.91,45.6,46.92,45.91,47.04,46.24,44.69,45.11
08/24/2021 22:00,39.07,39.94,38.75,39.35,29.15,39.26,36.48,39.61,39.2,39.92,39.62,41.13,39.3,39.14,36.81
08/24/2021 23:00,33.84,34.56,33.38,34.32,6.15,33.95,30.67,33.95,33.8,34.54,33.85,35.82,34.94,33.98,31.05
08/25/2021 00:00,28.56,28.97,28.22,28.95,4.7,28.58,26.4,28.56,28.52,28.95,28.5,29.66,29.63,28.61,26.62
08/25/2021 01:00,25.46,25.96,24.91,26.06,1.94,25.56,22.05,25.38,25.48,25.95,25.31,26.66,27.51,25.83,22.3
08/25/2021 02:00,23.15,23.65,22.59,23.77,1.73,23.27,19.67,23.06,23.2,23.64,22.97,24.33,25.3,23.53,19.94
08/25/2021 03:00,21.42,21.86,20.95,21.94,1.63,21.53,18.45,21.36,21.47,21.84,21.29,22.45,23.21,21.74,18.66
08/25/2021 04:00,20.87,21.14,20.59,21.17,1.74,20.98,19.08,20.85,20.96,21.13,20.8,21.46,21.95,21.13,19.24
08/25/2021 05:00,20.98,21.22,20.84,21.1,8,21.15,19.88,21.08,21.15,21.22,21.05,21.48,21.37,21.25,19.95
08/25/2021 06:00,22.72,22.8,22.67,22.75,15.82,22.78,22.36,22.76,22.78,22.8,22.75,22.9,22.82,22.83,22.38
08/25/2021 07:00,25.83,25.86,25.83,25.82,22.14,25.9,25.74,25.87,25.91,25.86,25.87,25.84,25.82,25.95,25.72
08/25/2021 08:00,26.59,26.63,26.57,26.6,24.88,26.62,26.44,26.61,26.61,26.63,26.61,26.7,26.6,26.63,26.46
08/25/2021 09:00,26.48,26.6,26.44,26.5,25.99,26.58,26.09,26.56,26.59,26.6,26.54,26.76,26.49,26.62,26.11
08/25/2021 10:00,28.61,29.27,28.38,28.74,26.52,29.07,26.46,29.04,29.08,29.26,28.98,30.24,28.7,29.37,26.78
08/25/2021 11:00,35.12,36,34.72,35.38,33.14,35.74,31.77,35.79,35.9,36.01,35.84,36.88,35.34,36.15,33.36
08/25/2021 12:00,40.91,41.85,40.31,41.41,39.39,41.44,36.56,41.58,41.53,41.92,41.62,42.93,41.37,41.97,39.81
08/25/2021 13:00,50.27,50.9,49.38,51.31,50.65,49.97,45.35,50.18,49.82,51.1,50.14,52.82,56.23,50.48,51.21
08/25/2021 14:00,76.37,77.46,74.95,78.22,78.18,75.09,69.01,75.68,75.02,77.81,75.51,80.6,89.25,76.07,78.89
08/25/2021 15:00,104.56,105.07,103.24,106.43,108.35,102.74,98.69,103.71,102.84,106.14,103.61,111.04,117.45,104.74,108.6
08/25/2021 16:00,135.65,138.81,134.37,137.99,139.4,131.19,129.49,133.4,131.59,139.81,133.23,142.03,149.01,133.45,139.47
08/25/2021 17:00,116.82,119.91,115.7,119.08,120.27,112.18,111.61,114.48,112.72,120.12,114.33,124.31,138.02,114.18,120.19
08/25/2021 18:00,69.43,70.76,68.26,71.4,70.56,66.61,64.27,70.61,66.25,70.86,71.62,74.4,91.4,68.21,70.82
08/25/2021 19:00,51.48,51.31,51.08,52.23,51.73,50.31,50.48,51.92,50.21,51.51,52.4,53.74,63.26,51.2,51.96
08/25/2021 20:00,53.74,53.76,53.74,53.92,53.49,53.47,53.8,53.65,53.55,53.79,53.67,54.75,73.67,53.47,54.07
08/25/2021 21:00,50,50.05,50.02,50,48.66,50.03,50,50.09,50.04,50.05,50.11,50.32,57.01,50.13,50.07
08/25/2021 22:00,38.89,39.16,38.79,38.97,34.25,39.01,38,39.02,38.97,39.16,38.99,39.6,38.95,39.01,38.13
08/25/2021 23:00,34.74,35,34.64,34.82,27.42,34.85,33.89,34.86,34.81,34.99,34.83,35.39,34.96,34.86,34.07
08/26/2021 00:00,29.19,29.28,29.15,29.22,24.35,29.24,28.88,29.24,29.23,29.28,29.23,29.43,29.21,29.24,29.09
08/26/2021 01:00,27.08,27.07,27.08,27.08,20.56,27.07,27.08,27.07,27.07,27.07,27.07,27.08,27.08,27.09,27.1
08/26/2021 02:00,25.31,25.31,25.31,25.31,19.81,25.31,25.31,25.31,25.31,25.31,25.31,25.31,25.31,25.33,25.34
08/26/2021 03:00,23.63,23.63,23.63,23.63,20.86,23.63,23.63,23.63,23.63,23.63,23.63,23.63,23.63,23.63,23.67
08/26/2021 04:00,23.92,23.92,23.92,23.92,21.98,23.92,23.92,23.91,23.92,23.92,23.91,23.92,23.92,23.92,23.98
08/26/2021 05:00,24.29,24.29,24.29,24.29,23.12,24.28,24.29,24.28,24.28,24.29,24.28,24.29,24.29,24.29,24.34
08/26/2021 06:00,26.38,26.38,26.38,26.38,25.83,26.38,26.38,26.38,26.38,26.38,26.38,26.38,26.38,26.38,26.41
08/26/2021 07:00,30.32,30.32,30.32,30.32,30.32,30.32,30.32,30.32,30.32,30.32,30.32,30.32,30.32,30.32,30.34
08/26/2021 08:00,30.82,30.82,30.82,30.82,30.82,30.82,30.82,30.82,30.82,30.82,30.82,30.82,30.82,30.82,30.83
08/26/2021 09:00,31.84,31.84,31.84,31.84,31.84,31.84,31.84,31.84,31.84,31.84,31.84,31.84,31.84,31.84,31.85
08/26/2021 10:00,35.31,35.36,35.28,35.34,35.25,35.33,35.08,35.34,35.32,35.36,35.33,35.46,35.33,35.34,35.36
08/26/2021 11:00,40.02,40.25,39.76,40.28,40.25,40.11,38.4,40.12,39.96,40.24,40.08,40.59,40.28,40.31,40.52
08/26/2021 12:00,46.11,46.29,45.62,46.63,47.01,46.14,43.4,46.23,45.97,46.32,46.15,46.85,47.63,46.53,47.33
08/26/2021 13:00,66.12,66.03,65.25,67.12,67.29,65.96,61.9,66.07,65.8,66.14,65.99,68,73.61,66.43,67.72
08/26/2021 14:00,96.99,96.84,95.82,98.27,99.79,97.22,90.93,97.37,96.98,97.26,97.26,99.77,105.69,98.34,101.83
08/26/2021 15:00,134.87,134.13,133.51,136.49,137.99,134.74,128.68,134.92,134.57,134.72,134.83,138.02,147.51,135.94,140.68
08/26/2021 16:00,152.01,151.35,150.51,153.78,155.3,151.83,145.07,152.09,151.63,151.9,151.95,155.29,164.81,153.51,157.1
08/26/2021 17:00,119.16,118.37,117.55,121.16,122.3,118.49,112.2,118.92,118.27,118.65,118.88,122.91,138.02,119.92,123.24
08/26/2021 18:00,67.31,66.43,66.33,68.68,69.65,66.65,63.55,66.9,66.58,66.6,66.9,70.19,84.53,67.91,72.95
08/26/2021 19:00,50.97,51.13,50.86,51.11,50.85,51.09,50.09,51.21,51.03,51.21,51.23,52.11,56.47,51.38,51.51
08/26/2021 20:00,50.94,50.99,50.96,50.95,50.69,50.97,50.95,51.02,50.95,50.99,51.04,51.14,56.01,50.97,51.19
08/26/2021 21:00,46.28,46.32,46.27,46.29,45.5,46.3,46.16,46.3,46.29,46.32,46.3,46.38,46.29,46.3,46.2
08/26/2021 22:00,38.61,38.63,38.6,38.61,36.71,38.62,38.53,38.62,38.61,38.63,38.62,38.67,38.61,38.62,38.55
08/26/2021 23:00,33.86,33.88,33.85,33.86,27.99,33.86,33.78,33.86,33.86,33.88,33.86,33.92,33.86,33.87,33.85
08/27/2021 00:00,28.14,28.16,28.13,28.15,22.78,28.15,28.09,28.15,28.14,28.16,28.14,28.19,28.14,28.16,28.12
08/27/2021 01:00,29.84,29.84,29.84,29.84,27.13,29.84,29.85,29.84,29.84,29.84,29.84,29.84,29.84,29.84,29.86
08/27/2021 02:00,25.78,25.78,25.78,25.78,23.46,25.78,25.79,25.78,25.78,25.78,25.78,25.78,25.78,25.78,25.8
08/27/2021 03:00,24.47,24.46,24.47,24.46,22.91,24.46,24.47,24.46,24.46,24.46,24.46,24.46,24.46,24.47,24.5
08/27/2021 04:00,23.74,23.74,23.74,23.74,22.68,23.74,23.75,23.74,23.74,23.74,23.74,23.74,23.74,23.74,23.77
08/27/2021 05:00,24.39,24.38,24.39,24.39,23.58,24.38,24.39,24.38,24.38,24.38,24.38,24.39,24.39,24.39,24.41
08/27/2021 06:00,26.32,26.32,26.32,26.32,25.66,26.32,26.32,26.32,26.32,26.32,26.32,26.32,26.32,26.32,26.34
08/27/2021 07:00,29.19,29.18,29.19,29.19,29.19,29.18,29.19,29.18,29.18,29.18,29.18,29.19,29.19,29.19,29.2
08/27/2021 08:00,29.07,29.07,29.07,29.07,29.07,29.07,29.07,29.07,29.07,29.07,29.07,29.07,29.07,29.07,29.09
08/27/2021 09:00,30.28,30.28,30.28,30.28,30.28,30.28,30.28,30.28,30.27,30.28,30.27,30.28,30.28,30.28,30.29
08/27/2021 10:00,33.63,33.64,33.62,33.64,33.66,33.63,33.56,33.63,33.63,33.64,33.63,33.64,33.64,33.63,33.73
08/27/2021 11:00,36.4,36.52,36.21,36.61,36.9,36.43,35.27,36.46,36.4,36.51,36.44,36.62,36.62,36.43,37.4
08/27/2021 12:00,44.6,44.81,44.22,45,45.51,44.64,42.43,44.69,44.56,44.8,44.65,45.01,45.02,44.84,46.14
08/27/2021 13:00,47.23,47.49,46.75,47.73,48.28,47.28,44.52,47.34,47.18,47.49,47.29,47.78,47.75,47.53,48.84
08/27/2021 14:00,52.82,53.11,52.08,53.59,54.5,52.91,48.7,53.02,52.77,53.19,52.95,53.62,53.63,53.24,55.14
08/27/2021 15:00,69.17,69.52,68.34,70.06,71.12,69.25,64.53,69.43,69.14,69.6,69.34,70.11,71.1,70,72.03
08/27/2021 16:00,79.97,80.45,79.09,80.92,82.01,80,75.01,80.28,79.94,80.47,80.16,81.06,84.86,80.68,82.63
08/27/2021 17:00,56.01,56.47,55.3,56.8,57.81,56.04,51.87,56.3,56.01,56.47,56.2,56.99,61.98,56.9,59.26
08/27/2021 18:00,47.77,47.96,47.53,48.07,48.48,47.8,46.28,48.01,47.8,47.98,47.9,48.19,51.83,48.44,49.68
08/27/2021 19:00,44.93,45,44.87,45,45.08,44.95,44.53,45.1,44.92,45,45,45.03,45.81,45.34,45.41
08/27/2021 20:00,44.98,44.99,44.98,45,44.72,44.94,45,45.03,45.01,44.99,45.01,45.03,45.97,44.88,45.06
08/27/2021 21:00,43.88,43.88,43.88,43.89,43.38,43.84,43.9,43.92,43.9,43.88,43.9,43.9,44.15,43.78,43.92
08/27/2021 22:00,34.63,34.64,34.63,34.63,33.08,34.63,34.63,34.66,34.63,34.64,34.64,34.63,34.63,34.64,34.64
08/27/2021 23:00,30.7,30.72,30.7,30.7,26.99,30.71,30.66,30.87,30.67,30.72,30.76,30.69,30.69,30.77,30.66
08/28/2021 00:00,27.76,27.77,27.76,27.76,23.04,27.76,27.75,27.81,27.75,27.77,27.78,27.76,27.76,27.81,27.76
08/28/2021 01:00,28.6,28.6,28.6,28.6,23.35,28.6,28.6,28.6,28.6,28.6,28.6,28.6,28.6,28.6,28.61
08/28/2021 02:00,25.35,25.35,25.35,25.35,20.88,25.34,25.35,25.34,25.34,25.34,25.34,25.35,25.35,25.35,25.36
08/28/2021 03:00,24.53,24.53,24.53,24.53,21.03,24.52,24.53,24.52,24.52,24.52,24.52,24.53,24.53,24.53,24.54
08/28/2021 04:00,24.45,24.45,24.45,24.45,22.45,24.45,24.45,24.45,24.45,24.45,24.45,24.45,24.45,24.45,24.47
08/28/2021 05:00,24.91,24.91,24.91,24.91,24,24.91,24.91,24.91,24.91,24.91,24.91,24.91,24.91,24.91,24.93
08/28/2021 06:00,26.46,26.46,26.46,26.46,26.06,26.46,26.46,26.46,26.46,26.46,26.46,26.46,26.46,26.46,26.48
08/28/2021 07:00,28.73,28.73,28.73,28.73,28.73,28.73,28.73,28.73,28.73,28.73,28.73,28.73,28.73,28.73,28.74
08/28/2021 08:00,27,27,27,27,27,27,27,27,27,27,27,27,27,27,27.01
08/28/2021 09:00,29.13,29.13,29.13,29.13,29.13,29.13,29.13,29.13,29.13,29.13,29.13,29.13,29.13,29.13,29.13
08/28/2021 10:00,31.04,31.04,31.04,31.05,31.05,31.04,31.02,31.04,31.04,31.04,31.04,31.05,31.05,31.05,31.09
08/28/2021 11:00,35.66,35.76,35.49,35.84,36.07,35.67,34.67,35.7,35.64,35.75,35.68,35.85,35.85,35.67,36.29
08/28/2021 12:00,36.43,36.54,36.23,36.64,36.93,36.45,35.28,36.48,36.41,36.54,36.46,36.64,36.65,36.45,37.54
08/28/2021 13:00,43.54,43.77,43.13,43.98,44.5,43.57,41.2,43.64,43.49,43.76,43.6,43.99,44,43.59,44.78
08/28/2021 14:00,46.81,47.02,46.2,47.45,48.24,46.88,43.45,46.97,46.77,47.1,46.91,47.47,47.48,46.97,49.04
08/28/2021 15:00,54.31,54.65,53.66,55,55.82,54.34,50.63,54.49,54.22,54.65,54.51,55.02,55.04,54.43,56.21
08/28/2021 16:00,56.47,56.73,55.76,57.23,58.11,56.52,52.56,56.68,56.39,56.82,56.7,57.24,57.26,56.69,58.75
08/28/2021 17:00,56.69,56.96,56.18,57.25,58.01,56.71,53.82,56.86,56.66,56.98,56.89,57.26,57.29,56.89,59.73
08/28/2021 18:00,47.86,48.02,47.61,48.15,48.56,47.87,46.38,47.99,47.85,48.02,47.99,48.18,48.81,48.06,49.66
08/28/2021 19:00,41.88,41.91,41.82,41.94,41.83,41.88,41.55,41.91,41.87,41.91,41.95,41.94,41.95,41.92,42.36
08/28/2021 20:00,41.99,41.99,41.98,42,41.55,41.97,41.98,42.01,42,41.99,42.04,42,42,41.99,42.07
08/28/2021 21:00,35.98,35.98,35.98,35.98,35.18,35.98,35.99,35.99,35.99,35.98,35.99,35.98,35.98,36.02,36.01
08/28/2021 22:00,33.04,33.04,33.04,33.05,31.78,33.04,33.05,33.05,33.05,33.04,33.05,33.05,33.05,33.08,33.05
08/28/2021 23:00,30.72,30.72,30.72,30.72,28.71,30.72,30.72,30.72,30.72,30.72,30.72,30.72,30.72,30.77,30.73
08/29/2021 00:00,30.46,30.46,30.46,30.46,28.41,30.46,30.46,30.46,30.46,30.46,30.46,30.46,30.46,30.47,30.48
08/29/2021 01:00,28.99,28.99,28.99,28.99,27.84,28.99,28.99,28.99,28.99,28.99,28.99,28.99,28.99,28.99,29.01
08/29/2021 02:00,27.1,27.1,27.1,27.1,26.3,27.1,27.11,27.1,27.1,27.1,27.1,27.1,27.1,27.11,27.13
08/29/2021 03:00,25.79,25.79,25.8,25.79,25.17,25.79,25.8,25.79,25.79,25.79,25.79,25.79,25.79,25.8,25.84
08/29/2021 04:00,25.7,25.7,25.7,25.7,25.44,25.7,25.71,25.7,25.7,25.7,25.7,25.7,25.7,25.7,25.75
08/29/2021 05:00,26.07,26.07,26.07,26.07,26.07,26.07,26.07,26.07,26.07,26.07,26.07,26.07,26.07,26.07,26.09
08/29/2021 06:00,27.28,27.28,27.28,27.28,27.29,27.28,27.29,27.28,27.28,27.28,27.28,27.28,27.28,27.28,27.3
08/29/2021 07:00,28.95,28.95,28.95,28.95,28.95,28.95,28.95,28.95,28.95,28.95,28.95,28.95,28.95,28.95,28.97
08/29/2021 08:00,30,30,30,30,30,30,30,30,30,30,30,30,30,30,30.01
08/29/2021 09:00,32,32,32,32,32,32,32,32,32,32,32,32,32,32,32.01
08/29/2021 10:00,33.89,33.89,33.88,33.9,33.91,33.89,33.85,33.89,33.89,33.89,33.89,33.9,33.9,33.89,33.94
08/29/2021 11:00,37.68,37.73,37.6,37.77,37.88,37.69,37.19,37.7,37.67,37.73,37.69,37.78,37.78,37.69,37.97
08/29/2021 12:00,42.58,42.67,42.41,42.76,42.96,42.59,41.64,42.62,42.56,42.67,42.6,42.76,42.76,42.59,43.11
08/29/2021 13:00,46.25,46.38,46,46.51,46.81,46.26,44.86,46.32,46.21,46.37,46.28,46.51,46.52,46.29,46.98
08/29/2021 14:00,50.72,50.85,50.45,51,51.33,50.72,49.21,50.8,50.68,50.95,50.75,51.01,51.01,50.84,51.52
08/29/2021 15:00,58.73,58.9,58.41,59.08,59.5,58.75,56.9,58.8,58.69,59,58.77,59.09,59.09,58.92,59.92
08/29/2021 16:00,64.39,64.57,64.03,64.76,65.21,64.41,62.38,64.5,64.34,64.67,64.44,64.77,64.78,64.71,65.46
08/29/2021 17:00,82.54,82.69,82.24,82.84,83.22,82.57,80.87,82.63,82.5,82.69,82.58,82.85,82.86,83.07,83.53
08/29/2021 18:00,65.35,65.43,65.22,65.5,65.69,65.37,64.59,65.39,65.34,65.43,65.43,65.5,65.5,65.57,66.02
08/29/2021 19:00,57.25,57.26,57.23,57.28,57.32,57.25,57.12,57.27,57.25,57.3,57.26,57.28,57.28,57.34,57.46
08/29/2021 20:00,55.99,55.99,55.99,55.99,56,55.99,56,55.99,55.99,55.99,55.99,55.99,55.99,55.99,56.12
08/29/2021 21:00,50,50,50,50,50.01,50,50.01,50,50,50,50,50,50,50,50.06
08/29/2021 22:00,43.78,43.78,43.78,43.78,43.78,43.77,43.78,43.77,43.77,43.77,43.77,43.78,43.78,43.79,43.82
08/29/2021 23:00,36.69,36.69,36.69,36.69,36.7,36.68,36.69,36.68,36.68,36.68,36.68,36.69,36.69,36.69,36.75
08/30/2021 00:00,33,33,33.01,33,33.02,33,33.01,33,33,33,33,33,33,33,33.06
08/30/2021 01:00,31.73,31.73,31.73,31.73,31.74,31.72,31.74,31.73,31.72,31.73,31.72,31.73,31.73,31.77,31.79
08/30/2021 02:00,29.21,29.21,29.21,29.21,29.22,29.21,29.22,29.21,29.21,29.21,29.21,29.21,29.21,29.22,29.27
08/30/2021 03:00,28.27,28.27,28.27,28.27,28.28,28.27,28.28,28.27,28.27,28.27,28.27,28.27,28.27,28.27,28.31
08/30/2021 04:00,27.98,27.98,27.98,27.98,27.99,27.98,27.99,27.98,27.98,27.98,27.98,27.98,27.98,27.98,28.04
08/30/2021 05:00,28.5,28.5,28.5,28.5,28.51,28.5,28.51,28.5,28.5,28.5,28.5,28.5,28.5,28.5,28.55
08/30/2021 06:00,30,30,30.01,30,30.01,30,30.01,30,30,30,30,30,30,30,30.06
08/30/2021 07:00,37.84,37.84,37.84,37.84,37.85,37.84,37.85,37.84,37.84,37.84,37.84,37.84,37.84,37.84,37.88
08/30/2021 08:00,37.05,37.05,37.05,37.05,37.05,37.05,37.05,37.05,37.05,37.05,37.05,37.05,37.05,37.05,37.07
08/30/2021 09:00,40.27,40.27,40.27,40.28,40.28,40.27,40.28,40.28,40.27,40.27,40.28,40.28,40.28,40.27,40.3
08/30/2021 10:00,44.26,44.3,44.22,44.31,44.23,44.24,44.01,44.32,44.2,44.3,44.3,44.39,44.31,44.27,44.28
08/30/2021 11:00,48.62,48.89,48.15,49.13,49.61,48.63,45.95,48.79,48.51,48.88,48.72,49.2,49.15,48.65,49.97
08/30/2021 12:00,50.19,50.51,49.5,50.93,51.18,50.21,46.33,50.69,49.94,50.6,50.55,51.25,50.95,50.54,51.53
08/30/2021 13:00,64.71,65.08,63.9,65.57,66,64.74,60.2,65.22,64.44,65.17,65.06,65.89,65.6,65.12,66.35
08/30/2021 14:00,104.32,104.64,103.69,105,106.04,104.48,100.67,104.9,104.26,104.86,104.79,105.46,105.25,104.7,109.02
08/30/2021 15:00,138.06,138.39,137.29,138.97,140.12,138,133.83,138.81,137.62,138.75,138.59,140.07,140.89,138.75,143.49
08/30/2021 16:00,199.89,200.3,199.02,201,202.12,199.56,195.22,200.73,199.17,200.78,200.47,201.86,204.4,200.79,205.87
08/30/2021 17:00,198.74,199.26,197.97,199.74,200.79,198.29,194.61,199.54,197.96,199.48,199.28,200.71,201.46,199.53,204.38
08/30/2021 18:00,105.65,106.01,105.15,106.4,107,105.07,103.11,106.62,105.35,106.21,106.44,107.95,110.94,107.73,109.42
08/30/2021 19:00,73.08,73.24,72.97,73.4,73.36,72.35,72.87,73.73,72.94,73.46,73.62,73.85,74.3,74.87,73.68
08/30/2021 20:00,71.72,71.76,71.69,71.91,71.97,71.11,71.97,72.01,71.75,71.79,71.98,72.02,71.91,72.05,72.38
08/30/2021 21:00,57.59,57.57,57.55,57.87,57.89,56.81,57.95,57.93,57.99,57.56,57.94,57.86,57.85,55.55,58.15
08/30/2021 22:00,49.68,49.64,49.63,50,50.05,48.75,50.13,50.06,50.27,49.63,50.09,49.99,49.99,46.8,50.25
08/30/2021 23:00,39.79,39.76,39.75,40.07,40.11,38.98,40.18,40.11,40.3,39.75,40.14,40.06,40.05,37.33,40.34
08/31/2021 00:00,33.2,33.18,33.18,33.35,33.37,32.78,33.4,33.38,33.43,33.18,33.39,33.35,33.34,31.98,33.5
08/31/2021 01:00,31.9,31.88,31.88,32.08,32.13,31.36,32.18,32.1,32.3,31.87,32.13,32.08,32.08,30.24,32.28
08/31/2021 02:00,28.5,28.49,28.49,28.55,28.57,28.33,28.59,28.56,28.61,28.49,28.57,28.55,28.55,28.05,28.65
08/31/2021 03:00,27.26,27.26,27.26,27.28,27.3,27.2,27.3,27.28,27.29,27.26,27.28,27.28,27.28,27.14,27.38
08/31/2021 04:00,26.24,26.24,26.24,26.24,26.26,26.24,26.25,26.24,26.24,26.24,26.24,26.24,26.24,26.25,26.33
08/31/2021 05:00,26.82,26.82,26.81,26.82,26.83,26.82,26.8,26.82,26.82,26.82,26.82,26.82,26.82,26.82,26.9
08/31/2021 06:00,28.62,28.61,28.62,28.62,28.62,28.61,28.62,28.61,28.61,28.61,28.61,28.62,28.62,28.62,28.66
08/31/2021 07:00,35.92,35.91,35.92,35.92,35.92,35.91,35.92,35.91,35.91,35.91,35.91,35.92,35.92,35.91,35.95
08/31/2021 08:00,35.92,35.92,35.92,35.92,35.92,35.91,35.92,35.92,35.91,35.92,35.92,35.92,35.92,35.92,35.96
08/31/2021 09:00,37.05,37.05,37.05,37.05,37.05,37.05,37.05,37.05,37.04,37.07,37.05,37.05,37.05,37.05,37.12
08/31/2021 10:00,40.05,40.09,40.02,40.07,40.04,40.07,39.86,40.08,40.06,40.14,40.07,40.15,40.07,40.09,40.25
08/31/2021 11:00,42.6,43.01,42.01,43.21,43.44,42.69,39.14,42.81,42.56,43.65,42.74,43.51,43.23,42.69,44
08/31/2021 12:00,50.15,50.7,49.35,50.96,51.23,50.27,45.48,50.69,50.09,52.2,50.43,51.45,50.98,50.5,51.85
08/31/2021 13:00,65.53,65.99,64.48,66.6,67.86,65.78,59.54,66.06,65.53,66.19,66.01,66.9,66.61,66.14,68.54
08/31/2021 14:00,115.98,116.77,115.06,116.98,118.38,116.04,110.46,116.68,115.98,117.16,116.42,118.11,116.99,116.95,121.98
08/31/2021 15:00,197.25,198.75,195.93,198.89,200.12,196.34,189.72,198.03,196.51,199.72,197.4,200.01,203.27,197.87,202.72
08/31/2021 16:00,291.55,296.31,290.21,294,295.01,286.88,283.65,290.98,288.24,297.41,290.67,295.36,297.34,291.08,299
08/31/2021 17:00,285.63,292.02,284.48,288.67,289.25,277.48,279.75,285.45,281.38,292.55,286.45,290.17,291.44,288.09,293.67
08/31/2021 18:00,141.85,145,140.97,144.38,144.52,135.17,139.33,144.48,141.47,145.5,144.69,145.68,146.44,141.59,147.83
08/31/2021 19:00,73.11,73.93,72.67,75,75.19,67.43,74.31,77.54,75.39,74.09,77.7,75.08,75.04,69.69,75.92
08/31/2021 20:00,70.08,70.08,69.7,71.97,72.35,64.32,72.44,72.82,74.7,70.14,72.85,72.01,71.99,60.5,72.96
08/31/2021 21:00,54.35,54.47,54.15,55.48,55.74,50.73,55.92,55.69,56.77,54.44,55.81,55.49,55.47,46.73,56.23
08/31/2021 22:00,44.4,44.46,44.33,44.94,45,42.76,45.14,44.95,45.43,44.48,45.02,44.92,44.91,40.08,45.28
08/31/2021 23:00,35.77,35.8,35.72,36.09,35.83,34.8,36.19,36.1,36.36,35.79,36.13,36.09,36.07,33.09,36.32
09/01/2021 00:00,30.54,30.52,30.51,30.72,30.48,30.01,30.8,30.74,30.94,30.51,30.77,30.72,30.71,28.88,30.91
