900,13525.14964,12759.92203,779.5315054,4113.216757,6998.178665,1505.323249,3529.78864,1105.028018
1800,13421.84033,12586.37815,771.0587271,4096.021662,6923.872253,1491.95714,3491.598948,1094.70919
2700,13324.47086,12428.3327,763.4790853,4080.128236,6859.622214,1475.92996,3457.182281,1085.135768
3600,13234.03,12286.58,756.83,4066.32,6800.86,1457.72,3426.2,1076.26
4500,13151.53843,12161.83011,751.1351783,4055.193142,6744.196616,1437.966827,3398.357026,1068.07213
5400,13078.14445,12054.45601,746.363476,4046.594511,6690.961296,1417.955126,3373.532539,1060.714369
6300,13015.02824,11964.7464,742.4700356,4040.183625,6643.662828,1399.130862,3351.649282,1054.366924
7200,12963.37,11892.99,739.41,4035.62,6604.81,1382.94,3332.63,1049.21
8100,12924.54147,11839.80175,737.1518438,4032.55052,6576.516588,1370.574131,3316.493568,1045.361745
9000,12900.68062,11807.10157,735.7173691,4030.571543,6559.316313,1362.207356,3303.643396,1042.692083
9900,12894.11696,11797.1356,735.1417098,4029.266794,6553.347881,1357.759403,3294.579026,1041.008879
10800,12907.18,11812.15,735.46,4028.22,6558.75,1357.15,3289.8,1040.12
11700,12941.27161,11853.93975,736.729009,4027.311654,6575.924531,1360.360867,3289.886201,1039.952764
12600,12994.08305,11922.49521,739.0920478,4027.609318,6606.325952,1367.621699,3295.738876,1040.9123
13500,13062.37798,12017.35557,742.7140627,4030.477324,6651.671898,1379.224181,3308.339613,1043.523185
14400,13142.92,12138.06,747.76,4037.28,6713.68,1395.46,3328.67,1048.31
15300,13231.37179,12281.57032,754.2057139,4048.73099,6792.302945,1416.228806,3356.686941,1055.551728
16200,13318.99216,12434.53882,761.2706898,4062.941184,6880.433627,1439.862099,3388.248601,1064.544969
17100,13395.93895,12581.04041,767.9853208,4077.370786,6969.199996,1464.299343,3418.18846,1074.340725
18000,13452.37,12705.15,773.38,4089.48,7049.73,1487.48,3441.34,1083.99
18900,13483.20685,12797.07536,776.8682915,4097.375325,7115.340878,1507.83594,3454.481504,1092.767666
19800,13502.4258,12871.55574,779.396443,4101.748447,7168.107038,1525.768655,3462.17047,1100.844074
20700,13528.76686,12949.46325,782.2938729,4103.937345,7212.292179,1542.172042,3470.909202,1108.613445
21600,13580.97,13051.67,786.89,4105.28,7252.16,1557.94,3487.2,1116.47
22500,13673.33252,13194.37713,794.1701826,4107.06849,7291.407136,1573.991965,3515.9772,1124.809795
23400,13802.38087,13375.10195,803.7435383,4110.41128,7331.46197,1591.349532,3555.903268,1134.036234
24300,13960.19878,13586.6908,814.875125,4116.37093,7373.185818,1611.059833,3604.072702,1144.554555
25200,14138.87,13821.99,826.83,4126.01,7417.44,1634.17,3657.58,1156.77
26100,14331.8629,14074.93032,839.0023845,4139.886807,7464.539014,1661.334167,3714.179852,1170.891591
27000,14538.18446,14343.78019,851.3031536,4156.542684,7512.610083,1691.634467,3774.267708,1186.343491
27900,14758.22629,14627.89246,863.7723459,4174.014719,7559.23361,1723.760034,3838.899211,1202.353646
28800,14992.38,14926.62,876.45,4190.34,7601.99,1756.4,3909.13,1218.15
29700,15239.90727,15239.06816,889.4155918,4204.364907,7639.33634,1788.546835,3985.242298,1233.231027
30600,15495.55004,15563.3523,902.9063471,4218.172986,7673.23645,1820.406349,4064.424649,1248.177301
31500,15752.92028,15897.34029,917.1989288,4234.657071,7706.530835,1852.487689,4143.092175,1263.839925
32400,16005.63,16238.9,932.57,4256.71,7742.06,1885.3,4217.66,1281.07
33300,16247.52206,16585.1205,949.1336857,4286.128876,7781.732346,1919.086463,4285.431111,1300.380239
34200,16473.36288,16929.97563,966.3539581,4320.327874,7823.727867,1953.026387,4347.259946,1320.929804
35100,16678.14976,17266.66045,983.5322515,4355.625435,7865.294455,1986.033118,4404.888809,1341.539467
36000,16856.88,17588.37,999.97,4388.34,7903.68,2017.02,4460.06,1361.03
36900,17005.49026,17890.50127,1015.075447,4415.784275,7937.155682,2045.251378,4514.362321,1378.509266
37800,17123.67468,18177.25894,1028.684071,4439.248019,7968.085831,2071.395602,4568.770565,1394.233482
38700,17212.06676,18455.04964,1040.738159,4461.015253,7999.858065,2096.472025,4624.106027,1408.745958
39600,17271.3,18730.28,1051.18,4483.37,8035.86,2121.5,4681.19,1422.59
40500,17302.01784,19006.71288,1060.002496,4507.995429,8078.886019,2147.128652,4740.310075,1436.175511
41400,17304.90341,19277.53612,1067.40101,4534.1713,8129.357558,2172.526205,4799.619042,1449.378767
42300,17280.64977,19533.2938,1073.621519,4560.576521,8187.102818,2196.490655,4856.735988,1461.94264
43200,17229.95,19764.53,1078.91,4585.89,8251.95,2217.82,4909.28,1473.61
44100,17155.54292,19965.14003,1083.596288,4609.087915,8323.842898,2235.485107,4955.423003,1484.172441
45000,17068.35045,20142.42409,1088.34564,4630.33553,8403.187686,2249.148328,4995.548267,1493.616449
45900,16981.34025,20307.03361,1093.907173,4650.09538,8490.506131,2258.644884,5030.591897,1501.977233
46800,16907.48,20469.62,1101.03,4668.83,8586.32,2263.81,5061.49,1509.29
47700,16856.38359,20637.39449,1110.163916,4686.840098,8690.209731,2264.93217,5088.680099,1515.591287
48600,16824.24979,20803.8075,1120.561429,4703.779079,8797.990446,2264.112985,5110.60539,1520.922936
49500,16803.9236,20958.86927,1131.175728,4719.13852,8904.535938,2263.907307,5125.210486,1525.328117
50400,16788.25,21092.59,1140.96,4732.41,9004.72,2266.87,5130.44,1528.85
51300,16771.58459,21197.03076,1148.928831,4743.222004,9094.616771,2274.584025,5125.148162,1531.661162
52200,16754.32538,21272.45589,1154.342394,4751.750653,9175.101779,2284.744734,5111.827672,1534.451808
53100,16738.38098,21321.18057,1156.52226,4758.308975,9248.250897,2294.075576,5093.880846,1538.04155
54000,16725.66,21345.52,1154.79,4763.21,9316.14,2299.3,5074.71,1543.25
54900,16716.76805,21346.79061,1148.770604,4766.656417,9379.975215,2297.99923,5056.51647,1550.563753
55800,16707.0987,21322.31395,1139.302744,4768.409559,9437.483688,2291.18558,5036.697671,1559.137333
56700,16690.7425,21268.41281,1127.528512,4768.120422,9485.522817,2280.729141,5011.450036,1567.792246
57600,16661.79,21181.41,1114.59,4765.44,9520.95,2268.5,4976.97,1575.35
58500,16615.66195,21058.10913,1101.454378,4760.162486,9540.895024,2256.056244,4930.670176,1580.841483
59400,16553.09982,20897.23706,1088.38913,4752.654862,9543.577219,2243.707945,4874.827895,1584.135112
60300,16476.17529,20698.00146,1075.486817,4743.427307,9527.488305,2231.453173,4812.936666,1585.308685
61200,16386.96,20459.61,1062.84,4732.99,9491.12,2219.29,4748.49,1584.44
62100,16288.55743,20184.43067,1050.570788,4721.683014,9434.694065,2207.087359,4684.900326,1581.464377
63000,16188.19825,19887.47279,1038.919485,4709.165994,9365.352435,2194.197641,4625.255751,1575.747219
63900,16094.14495,19586.90602,1028.155938,4694.928477,9291.967087,2179.844103,4572.5633,1566.511452
64800,16014.66,19300.9,1018.55,4678.46,9223.41,2163.25,4529.83,1552.98
65700,15954.92568,19043.45663,1010.273093,4659.599675,9166.228717,2144.039634,4498.849458,1534.931947
66600,15907.80342,18811.90676,1003.102931,4639.584912,9117.673042,2123.441491,4476.561603,1514.371011
67500,15863.07445,18599.41352,996.7188045,4620.002692,9072.668346,2103.085103,4458.692947,1493.857069
68400,15810.52,18399.14,990.8,4602.44,9026.14,2084.6,4440.97,1475.95
69300,15741.33362,18203.59626,984.9298097,4587.783909,8973.358569,2068.829886,4419.615593,1462.374712
70200,15652.35808,18002.68015,978.3075397,4574.121859,8910.975398,2053.475144,4392.837837,1451.516238
71100,15541.84851,17785.63646,970.0364999,4558.84138,8835.987028,2035.450331,4359.341162,1440.924646
72000,15408.06,17541.71,959.22,4539.33,8745.39,2011.67,4317.83,1428.15
72900,15250.37111,17263.71349,945.29845,4513.762812,8637.210446,1979.941291,4267.575202,1411.336239
73800,15072.65425,16958.73139,929.0606598,4483.465151,8513.592867,1941.641682,4210.1133,1391.002787
74700,14879.90526,16637.41609,911.6325398,4450.549915,8377.711354,1899.041231,4147.547248,1368.262941
75600,14677.12,16310.42,894.14,4417.13,8232.74,1854.41,4081.98,1344.23
76500,14468.76834,15986.5001,877.521078,4385.012499,8081.689333,1809.712604,4015.215944,1319.939553
77400,14257.21618,15666.8318,861.962321,4354.781287,7926.915633,1765.691879,3947.865213,1296.116365
78300,14044.30343,15350.6951,847.4624035,4326.714431,7770.611617,1722.785215,3880.239376,1273.407495
79200,13831.87,15037.37,834.02,4301.09,7614.97,1681.43,3812.65,1252.46
80100,13622.15491,14727.07469,821.6098943,4278.000315,7462.295189,1642.190634,3745.500084,1233.70555
81000,13418.99355,14423.78015,810.1113063,4256.794702,7315.33835,1606.139551,3679.558346,1216.714253
81900,13226.62041,14132.39553,799.3795651,4236.636738,7176.962335,1574.476192,3615.684935,1200.84083
82800,13049.27,13857.83,789.27,4216.69,7050.03,1548.4,3554.74,1185.44
83700,12890.11922,13604.07206,779.6779387,4196.387645,6936.596472,1528.490483,3497.520751,1170.077937
84600,12748.11463,13371.42759,770.658704,4176.241154,6835.485968,1512.847417,3444.572652,1155.166624
85500,12621.14523,13159.28183,762.3076173,4157.031585,6744.714981,1498.950642,3396.378226,1141.329499
86400,12507.1,12967.02,754.72,4139.54,6662.3,1484.28,3353.42,1129.19
87300,12404.2815,12793.88021,747.9616322,4124.341759,6586.661581,1467.039932,3315.950974,1119.175986
88200,12312.64667,12638.51199,741.9801278,4111.189432,6517.836528,1448.333281,3283.306048,1110.933002
89100,12232.56599,12499.41779,736.6935596,4099.629889,6456.265712,1429.98749,3254.590598,1103.911018
90000,12164.41,12375.1,732.02,4089.21,6402.39,1413.83,3228.91,1097.56
90900,12108.43711,12264.25947,727.8953764,4079.514692,6356.637831,1401.314788,3205.518636,1091.457183
91800,12064.45745,12166.39068,724.3270347,4070.281118,6319.387919,1392.401958,3184.266908,1085.688867
92700,12032.16907,12081.18656,721.3401756,4061.284484,6291.006548,1386.678149,3165.154227,1080.468617
93600,12011.27,12008.34,718.96,4052.3,6271.86,1383.73,3148.18,1076.01
94500,12002.00411,11948.45333,717.2193624,4043.309002,6262.24647,1383.087636,3133.520578,1072.509032
95400,12006.79852,11905.76652,716.1817335,4035.117346,6262.191794,1384.055137,3122.06007,1070.09153
96300,12028.62617,11885.42895,715.9182378,4028.737017,6271.653722,1385.880069,3114.859527,1068.865764
97200,12070.46,11892.59,716.5,4025.18,6290.59,1387.81,3112.98,1068.94
98100,12134.14489,11931.0722,718.0276427,4025.202111,6319.21004,1389.475293,3117.299054,1070.439502
99000,12217.01346,11999.39072,720.7197813,4028.534497,6358.729903,1392.037494,3127.960313,1073.557511
99900,12315.27031,12094.73388,724.8245293,4034.652134,6410.617315,1397.040949,3144.923916,1078.504265
100800,12425.12,12214.29,730.59,4043.03,6476.34,1406.03,3168.15,1085.49
101700,12541.60932,12353.61442,738.0525666,4052.966772,6555.726653,1419.979319,3196.889455,1094.489523
102600,12655.15388,12501.73059,746.4016411,4063.055917,6642.049844,1437.584886,3227.556177,1104.535924
103500,12755.0115,12646.02896,754.614895,4071.714604,6726.943113,1456.97301,3255.85481,1114.426863
104400,12830.44,12773.9,761.67,4077.36,6802.04,1476.27,3277.49,1122.96
105300,12876.1791,12878.37401,766.9086532,4079.127677,6861.674286,1493.980871,3289.939061,1129.356311
106200,12908.89604,12975.04067,771.1286541,4079.026834,6910.980721,1510.125463,3297.769979,1134.530041
107100,12950.73996,13085.12949,775.491828,4079.785074,6957.794296,1525.102323,3307.323408,1139.81875
108000,13023.86,13229.87,781.16,4084.13,7009.95,1539.31,3324.94,1146.56
108900,13145.35524,13424.42344,789.0725081,4094.185019,7073.894951,1553.458449,3355.63258,1155.812263
109800,13312.12448,13659.67798,799.2787423,4109.656746,7150.52477,1569.503263,3399.102656,1167.517662
110700,13516.01649,13920.45353,811.6056053,4129.6476,7239.347204,1589.711446,3453.723903,1181.33923
111600,13748.88,14191.57,825.88,4153.26,7339.87,1616.35,3517.87,1196.94
112500,14003.21793,14461.91818,841.8903768,4179.554123,7451.450596,1650.896428,3589.828117,1214.004791
113400,14274.14979,14736.67241,859.2713767,4207.421182,7572.845197,1691.670234,3667.539398,1232.305561
114300,14557.44925,15025.07794,877.6191882,4235.71015,7702.6597,1736.201423,3748.85848,1251.63605
115200,14848.89,15336.38,896.53,4263.27,7839.5,1782.02,3831.64,1271.79
116100,15143.21352,15676.27323,915.6455159,4289.390365,7982.453915,1827.046778,3914.169013,1292.582633
117000,15431.03262,16036.24988,934.789501,4315.123526,8132.536941,1870.765801,3996.452251,1313.915094
117900,15701.92791,16404.25159,953.8312355,4341.962424,8291.246497,1913.051924,4078.926863,1335.710008
118800,15945.48,16768.22,972.64,4371.4,8460.08,1953.78,4162.03,1357.89
119700,16155.82735,17119.26952,991.1249034,4404.416604,8639.441245,1992.868962,4245.843487,1380.393426
120600,16345.33973,17461.20557,1009.354369,4439.942214,8825.359537,2030.414062,4329.027849,1403.221562
121500,16530.94475,17801.00634,1027.436651,4476.394217,9012.770561,2066.554631,4409.888287,1426.391418
122400,16729.57,18145.65,1045.48,4512.19,9196.61,2101.43,4486.73,1449.92
123300,16953.54066,18499.45306,1063.568152,4546.164939,9372.645169,2135.249093,4558.083446,1473.830383
124200,17196.7722,18856.08532,1081.686771,4578.826369,9539.969909,2168.499202,4623.380103,1498.169906
125100,17448.57763,19206.55493,1099.797005,4611.099614,9698.509695,2201.73721,4682.27671,1522.991977
126000,17698.27,19541.87,1117.86,4643.91,9848.19,2235.52,4734.43,1548.35
126900,17935.75984,19855.30746,1135.785614,4677.776141,9988.910425,2270.085446,4779.5657,1574.151293
127800,18153.34774,20149.21939,1153.278546,4711.589812,10120.46708,2304.395381,4817.685487,1599.718812
128700,18343.93176,20428.22661,1169.992205,4743.836077,10242.63019,2337.092625,4848.860032,1624.229426
129600,18500.41,20696.95,1185.58,4773,10355.17,2366.82,4873.16,1646.86
130500,18616.94028,20957.98036,1199.757517,4797.813466,10457.66063,2392.586621,4890.639694,1667.030852
131400,18692.71936,21205.78839,1212.489045,4817.995635,10548.89178,2414.866774,4901.287947,1685.136094
132300,18728.20377,21432.81472,1223.801051,4833.512486,10627.45704,2434.501041,4905.077226,1701.813289
133200,18723.85,21631.5,1233.72,4844.33,10691.95,2452.33,4901.98,1717.7
134100,18681.04249,21796.54686,1242.291506,4850.722496,10741.73564,2468.890414,4892.610682,1733.171081
135000,18604.87732,21931.70582,1249.637773,4854.19765,10779.26454,2483.503771,4880.151475,1747.550561
135900,18501.37849,22042.98937,1255.900153,4856.571479,10807.75867,2495.187743,4868.426531,1759.89976
136800,18376.57,22136.41,1261.22,4859.66,10830.44,2502.96,4861.26,1769.28
137700,18236.21555,22216.44922,1265.692554,4864.724208,10850.31165,2506.283286,4861.258204,1775.115136
138600,18085.03762,22281.46459,1269.228614,4870.805016,10869.5013,2506.40064,4866.156152,1778.279161
139500,17927.49838,22328.28266,1271.692867,4876.388316,10889.91781,2505.000174,4872.471024,1780.008607
140400,17768.06,22353.73,1272.95,4879.96,10913.47,2503.77,4876.72,1781.54
141300,17609.92265,22354.65156,1272.876871,4880.25614,10940.6284,2503.70613,4875.946659,1783.737908
142200,17451.23846,22327.96583,1271.399021,4877.013535,10966.11025,2503.03617,4869.300168,1785.979043
143100,17288.89754,22270.60968,1268.45416,4870.219162,10983.19447,2499.295625,4856.456093,1787.268157
144000,17119.79,22179.52,1263.98,4859.86,10985.16,2490.02,4837.09,1786.61
144900,16942.44493,22052.04376,1257.940898,4846.296387,10966.5682,2473.416257,4811.124693,1783.205109
145800,16761.94729,21887.16835,1250.407801,4831.382094,10927.11021,2450.377182,4779.471928,1777.037167
146700,16585.02101,21684.29127,1241.478304,4817.344255,10867.75961,2422.467016,4743.290699,1768.285641
147600,16418.39,21442.81,1231.25,4806.41,10789.49,2391.25,4703.74,1757.13
148500,16268.15168,21164.75715,1219.817662,4799.780969,10693.62006,2358.302122,4662.080507,1743.726812
149400,16137.89737,20862.70577,1207.264774,4794.556837,10582.84893,2325.246352,4619.97962,1728.14104
150300,16030.59187,20551.864,1193.671999,4786.811787,10460.22083,2293.717406,4579.206424,1710.414748
151200,15949.2,20247.44,1179.12,4772.62,10328.78,2265.35,4541.53,1690.59
152100,15894.59304,19962.25669,1163.792987,4749.628798,10191.97076,2241.064317,4508.304999,1668.946394
153000,15859.26823,19699.59607,1148.289354,4721.778056,10054.83782,2218.92241,4479.228341,1646.713674
153900,15833.62931,19460.35491,1133.311044,4694.580786,9922.825972,2196.271798,4453.582512,1625.359116
154800,15808.08,19245.43,1119.56,4673.55,9801.38,2170.46,4430.65,1606.35
155700,15773.67117,19052.6736,1107.446017,4662.340244,9693.528908,2139.677172,4409.335435,1590.586205
156600,15724.0422,18867.75997,1096.21031,4657.172189,9592.638521,2105.484009,4387.032017,1576.698016
157500,15653.47964,18673.31885,1084.801948,4652.408039,9489.658875,2070.283841,4360.755091,1562.748319
158400,15556.27,18451.98,1072.17,4642.41,9375.54,2036.48,4327.52,1546.8
159300,15429.15229,18191.58048,1057.580601,4623.09179,9243.49798,2005.796839,4285.227324,1527.421598
160200,15278.67545,17900.78657,1041.568155,4596.57319,9095.81309,1977.242804,4235.31859,1505.204263
161100,15113.84088,17593.47188,1024.984131,4566.525494,8937.031655,1949.147368,4180.120561,1481.244797
162000,14943.65,17283.51,1008.68,4536.62,8771.7,1919.84,4121.96,1456.64
162900,14775.41935,16981.1923,993.2770477,4509.936815,8603.941518,1888.156099,4062.812456,1432.321151
163800,14609.726,16682.48124,978.4758215,4487.191303,8436.18787,1854.954774,4003.248621,1408.557431
164700,14445.46215,16379.75706,963.7466846,4468.507639,8270.447788,1821.601062,3943.487976,1385.452495
165600,14281.52,16065.4,948.56,4454.01,8108.73,1789.46,3883.75,1363.11
166500,14117.46125,15735.81299,932.6069895,4443.425011,7952.764699,1759.480173,3824.388166,1341.627859
167400,13955.52556,15403.48972,916.4623094,4434.889098,7803.167929,1730.944351,3766.291925,1321.081013
168300,13798.62209,15084.94659,900.9214746,4426.141136,7660.277194,1702.718854,3710.484721,1301.538661
169200,13649.66,14796.7,886.78,4414.92,7524.43,1673.67,3657.99,1283.07
170100,13510.70926,14550.32779,874.608588,4399.63564,7395.963592,1643.186804,3609.499724,1265.701632
171000,13380.48302,14337.65363,864.0786908,4381.382304,7275.214165,1612.749072,3564.379929,1249.289767
171900,13256.85528,14145.56266,854.6369482,4361.925316,7162.517657,1584.359303,3521.66517,1233.648018
172800,13137.7,13960.94,845.73,4343.03,7058.21,1560.02,3480.39,1218.59
173700,13021.84298,13773.96961,836.9299086,4326.105086,6962.531247,1541.083235,3439.912938,1203.997802
174600,12911.91734,13588.03075,828.3104274,4311.132936,6875.33791,1526.299362,3400.888359,1190.02742
175500,12811.50803,13409.80151,820.0707325,4297.739317,6796.390618,1513.768309,3364.2946,1176.903328
176400,12724.2,13245.96,812.41,4285.55,6725.45,1501.59,3331.11,1164.85
177300,12652.22538,13101.57722,805.4858401,4274.149641,6662.123297,1488.434163,3301.982116,1154.018725
178200,12592.4051,12975.29588,799.2895995,4262.958454,6605.404196,1475.249729,3276.235385,1144.268054
179100,12540.20727,12864.15159,793.7710592,4251.355539,6554.132997,1463.55543,3252.863461,1135.383357
180000,12491.1,12765.18,788.88,4238.72,6507.15,1454.87,3230.86,1127.15
180900,12442.0269,12676.29652,784.5715748,4224.710725,6464.149004,1450.091364,3209.47094,1119.435269
181800,12395.8335,12598.93575,780.8224245,4210.10575,6428.237806,1447.634222,3188.951351,1112.434114
182700,12356.84086,12535.41211,777.614562,4195.962901,6403.377706,1445.29247,3169.808587,1106.423402
183600,12329.37,12488.04,774.93,4183.34,6393.53,1440.86,3152.55,1101.68
184500,12316.60375,12458.26281,772.7544231,4173.092304,6401.131939,1433.066632,3137.827717,1098.405981
185400,12317.17213,12444.03988,771.0882024,4165.264795,6422.524579,1424.385882,3126.87296,1096.504241
186300,12328.56695,12442.4595,769.9353804,4159.699889,6452.52493,1418.227191,3121.061722,1095.80288
187200,12348.28,12450.61,769.3,4156.24,6485.95,1418,3121.77,1096.13
188100,12373.49371,12465.65379,769.1474515,4154.581935,6518.280273,1425.69039,3129.370535,1097.245807
189000,12400.15296,12485.04974,769.2885161,4153.840069,6547.650128,1437.591001,3140.22306,1098.638924
189900,12423.89323,12506.33082,769.4953226,4152.983168,6572.857419,1448.571111,3149.684055,1099.730079
190800,12440.35,12527.03,769.54,4150.98,6592.7,1453.5,3153.11,1099.94
191700,12449.33014,12547.91249,769.4353022,4147.294175,6607.540407,1449.304307,3148.192955,1099.070635
192600,12467.32602,12582.67241,770.1564834,4143.368679,6623.999908,1441.140114,3141.967301,1098.448814
193500,12515.00139,12648.23613,772.9194229,4141.141344,6650.264455,1436.220864,3143.802996,1099.782585
194400,12613.02,12761.53,778.94,4142.55,6694.52,1441.76,3163.07,1104.78
195300,12776.56338,12935.25516,789.0702459,4149.103085,6763.112631,1462.971445,3206.676706,1114.703216
196200,12998.88419,13165.21185,802.7068002,4160.591465,6855.028989,1497.071043,3271.685237,1129.030822
197100,13267.75292,13442.97512,818.8824544,4176.376612,6967.415853,1539.27512,3352.69615,1146.795517
198000,13570.94,13760.12,836.63,4195.82,7097.42,1584.8,3444.31,1167.03
198900,13897.03245,14107.8447,855.1307454,4218.380517,7242.086725,1629.721163,3541.741314,1188.851503
199800,14237.88345,14475.84017,874.1600658,4243.906712,7398.055385,1673.550712,3642.6605,1211.715399
200700,14586.16272,14853.42056,893.6418533,4272.344552,7561.863853,1716.659905,3745.351936,1235.161595
201600,14934.54,15229.9,913.5,4303.64,7730.05,1759.42,3848.1,1258.73
202500,15276.95916,15597.42856,933.6400538,4337.554847,7899.493905,1802.136246,3949.361319,1282.054367
203400,15612.46075,15959.49997,953.8941866,4373.114185,8068.44447,1844.849857,4048.281513,1305.143833
204300,15941.35947,16322.44389,974.0762261,4409.158931,8235.492799,1887.53604,4144.17845,1328.101383
205200,16263.97,16692.59,994,4444.53,8399.23,1930.17,4236.37,1351.03
206100,16580.12042,17073.76483,1013.538571,4478.359312,8558.688903,1972.65151,4324.30591,1373.993218
207000,16887.69228,17459.78246,1032.801938,4510.942796,8714.669236,2014.578609,4407.963449,1396.89677
207900,17184.0805,17841.95387,1051.959336,4542.867381,8868.412451,2055.473904,4487.451763,1419.606936
208800,17466.68,18211.59,1071.18,4574.72,9021.16,2094.86,4562.88,1441.99
209700,17733.38039,18561.574,1090.506133,4606.916498,9173.47517,2132.374745,4634.452384,1463.980105
210600,17984.05011,18891.07768,1109.471813,4639.188382,9323.208587,2168.116955,4702.753442,1485.782839
211500,18219.05227,19200.84501,1127.484086,4671.096075,9467.53271,2202.300688,4768.46278,1507.671654
212400,18438.75,19491.62,1143.95,4702.2,9603.62,2235.14,4832.26,1529.92
213300,18641.52753,19763.97871,1158.430179,4732.013446,9729.443072,2266.80404,4894.591429,1552.651676
214200,18817.85352,20017.82558,1171.099562,4759.861176,9846.175166,2297.28232,4954.970282,1575.391875
215100,18956.21776,20252.89717,1182.286663,4785.020817,9955.789677,2326.519439,5012.676493,1597.516136
216000,19045.11,20468.93,1192.32,4806.77,10060.26,2354.46,5066.99,1618.4
216900,19078.2273,20665.92539,1201.515963,4824.633154,10161.14317,2380.819875,5117.228461,1637.558503
217800,19070.09579,20844.94374,1210.14244,4839.121914,10258.33075,2404.400017,5162.86043,1655.064662
218700,19040.44889,21007.31022,1218.455198,4850.994717,10351.29796,2423.77265,5203.392184,1671.13099
219600,19009.02,21154.35,1226.71,4861.01,10439.52,2437.51,5238.33,1685.97
220500,18992.17561,21287.35442,1235.043783,4869.939564,10522.42504,2444.759899,5267.467382,1699.76775
221400,18992.81455,21407.47946,1243.118176,4878.608668,10599.25309,2446.972614,5291.746747,1712.604478
222300,19010.46871,21515.84727,1250.475981,4887.855939,10669.19709,2446.174023,5312.397739,1724.533967
223200,19044.67,21613.58,1256.66,4898.52,10731.45,2444.39,5330.65,1735.61
224100,19093.55134,21701.24913,1261.315467,4911.013904,10785.59087,2443.338968,5347.372947,1745.835185
225000,19149.64976,21777.22344,1264.497354,4924.048414,10832.74314,2443.509527,5361.99508,1755.007427
225900,19204.1033,21839.32102,1266.363063,4935.908716,10874.41634,2445.082822,5373.584674,1762.873455
226800,19248.05,21885.36,1267.07,4944.88,10912.12,2448.24,5381.21,1769.18
227700,19274.12667,21913.05578,1266.778879,4949.694818,10946.6674,2452.910324,5384.038018,1773.766823
228600,19280.96515,21919.71305,1265.663658,4950.875178,10976.08684,2458.01553,5381.630431,1776.845815
229500,19268.69606,21902.53379,1263.901609,4949.390448,10997.71036,2462.225471,5373.647629,1778.7219
230400,19237.45,21858.72,1261.67,4946.21,11008.87,2464.21,5359.75,1779.7
231300,19186.49448,21785.56164,1259.004018,4942.222134,11007.08859,2462.748174,5339.515918,1779.88268
232200,19111.64463,21680.70061,1255.370513,4937.990875,10990.65201,2457.055855,5312.195694,1778.563063
233100,19007.85246,21541.86677,1250.094251,4933.999179,10958.03692,2446.458108,5276.957623,1774.831915
234000,18870.07,21366.79,1242.5,4930.73,10907.72,2430.28,5232.97,1767.78
234900,18696.82571,21155.59172,1232.153019,4928.192426,10838.78732,2408.279325,5180.114559,1756.77574
235800,18500.95383,20917.95952,1219.580541,4924.500072,10752.76264,2381.944802,5121.126791,1742.298182
236700,18298.86504,20665.97256,1205.550292,4917.292681,10651.77914,2353.197878,5059.455628,1725.104034
237600,18106.97,20411.71,1190.83,4904.21,10537.97,2323.96,4998.55,1705.95
238500,17937.66891,20165.59009,1176.138282,4883.88691,10414.31543,2295.7689,4941.313034,1685.630456
239400,17787.32004,19931.38756,1161.997324,4858.938838,10287.1837,2268.627437,4888.464641,1665.090457
240300,17648.27114,19711.21625,1148.880204,4832.976347,10163.79012,2242.154756,4840.178927,1645.31273
241200,17512.87,19507.19,1137.26,4809.61,10051.35,2215.97,4796.63,1627.28
242100,17374.4366,19319.29182,1127.36026,4791.295559,9954.355041,2189.709451,4757.331742,1611.564313
243000,17230.17976,19138.98148,1118.406414,4775.869577,9866.40257,2163.077948,4719.157145,1597.09499
243900,17078.28055,18955.58789,1109.374361,4760.013807,9778.366313,2135.797472,4678.318975,1582.390672
244800,16916.92,18758.44,1099.24,4740.41,9681.12,2107.59,4631.03,1565.97
245700,16745.14751,18538.87152,1087.23349,4714.896168,9567.752065,2078.241578,4574.715778,1546.759012
246600,16565.48591,18296.23528,1073.602021,4685.935354,9440.209773,2047.794519,4511.653029,1525.313333
247500,16381.32635,18031.8889,1058.847041,4657.146864,9302.655094,2016.3552,4445.331266,1502.595988
248400,16196.06,17747.19,1043.47,4632.15,9159.25,1984.03,4379.24,1479.57
249300,16012.60725,17445.04258,1027.925155,4613.204771,9013.435291,1951.096267,4316.111709,1456.972922
250200,15832.00536,17134.53616,1012.478003,4597.134006,8865.767088,1918.515227,4255.650738,1434.640427
251100,15654.82078,16826.30667,997.3468493,4579.401237,8716.080341,1887.419073,4196.804398,1412.182719
252000,15481.62,16530.99,982.75,4555.47,8564.21,1858.94,4138.52,1389.21
252900,15312.84582,16256.35708,968.8785458,4522.449905,8410.666771,1833.779915,4080.043323,1365.552113
253800,15148.44642,15998.71883,955.8147173,4484.034873,8258.664376,1810.919575,4021.814019,1341.917458
254700,14988.24631,15751.52116,943.6135302,4445.564905,8112.092293,1788.909447,3964.570205,1319.234074
255600,14832.07,15508.21,932.33,4412.38,7974.84,1766.3,3909.05,1298.43
256500,14680.01822,15264.45285,921.9686305,4388.420298,7849.775907,1742.142666,3855.952654,1280.195031
257400,14533.29647,15024.80353,912.3318778,4372.026502,7735.684159,1717.492725,3805.821937,1264.265989
258300,14393.3865,14796.03745,903.1716862,4360.139455,7630.327831,1693.906422,3759.162752,1250.141453
259200,14261.77,14584.93,894.24,4349.7,7531.47,1672.94,3716.48,1237.32
260100,14139.60663,14396.56776,885.364901,4338.207184,7437.381631,1655.671922,3677.978874,1225.36745
261000,14026.76769,14229.28204,876.6790214,4325.392868,7348.365239,1641.269526,3642.665733,1214.118586
261900,13922.8024,14079.71529,868.3911312,4311.547118,7265.231228,1628.422366,3609.247225,1203.475428
262800,13827.26,13944.51,860.71,4296.96,7188.79,1615.82,3576.43,1193.34
263700,13739.59152,13820.56359,853.7847343,4281.814248,7119.669756,1602.525583,3543.342005,1183.655324
264600,13658.85528,13705.79332,847.5257864,4265.863276,7057.769884,1589.096672,3510.79638,1174.528419
265500,13584.0114,13598.37139,841.7839454,4248.753166,7002.80757,1576.464426,3480.027566,1166.107304
266400,13514.02,13496.47,836.41,4230.13,6954.5,1565.56,3452.27,1158.54
267300,13448.08072,13399.14302,831.2735056,4209.945355,6912.47169,1556.954496,3428.395138,1151.930162
268200,13386.35119,13308.97093,826.3190828,4189.372778,6875.976476,1549.778785,3407.822496,1146.20399
269100,13329.22857,13229.41588,821.5101186,4169.891313,6844.175524,1542.803681,3389.608606,1141.243324
270000,13277.11,13163.94,816.81,4152.98,6816.23,1534.8,3372.81,1136.93
270900,13230.09437,13114.84167,812.221087,4139.699645,6791.524109,1524.916902,3356.833536,1133.16653
271800,13187.08747,13079.7642,807.9016323,4129.43811,6770.334212,1513.816939,3342.487385,1129.93812
272700,13146.69683,13055.18713,804.0488614,4121.16502,6753.159709,1502.541005,3330.93004,1127.25065
273600,13107.53,13037.59,800.86,4113.85,6740.5,1492.13,3323.32,1125.11
274500,13068.04104,13023.40388,798.4533963,4106.567783,6732.370468,1483.646957,3319.961028,1123.428874
275400,13026.0702,13008.866,796.6318882,4098.81353,6726.850427,1478.243461,3317.737966,1121.747278
276300,12979.30426,12990.16512,795.1194359,4090.187513,6721.535173,1477.093234,3312.68092,1119.512043
277200,12925.43,12963.49,793.64,4080.29,6714.02,1481.37,3300.82,1116.17
278100,12866.82147,12929.95405,792.140484,4069.277505,6703.45433,1491.861989,3280.607818,1111.567036
279000,12824.60174,12910.36928,791.4595651,4059.531518,6695.204079,1507.815468,3260.187003,1107.145266
279900,12824.58114,12930.47237,792.6588636,4053.989772,6696.189289,1528.091213,3250.122686,1104.745863
280800,12892.57,13016,796.8,4055.59,6713.33,1551.55,3260.98,1106.21
281700,13046.77229,13185.30009,804.7195113,4066.446884,6752.586118,1577.390557,3300.431292,1112.920639
282600,13274.96658,13427.16563,816.3536014,4085.382897,6816.077006,1606.163418,3364.577772,1124.427907
283500,13557.32508,13723.00085,831.4133908,4110.397462,6904.961891,1638.75707,3446.627866,1139.823721
284400,13874.02,14054.21,849.61,4139.49,7020.4,1676.06,3539.79,1158.2
285300,14207.69654,14404.69855,870.4878769,4170.930272,7161.892135,1718.399223,3638.066858,1178.70869
286200,14550.89192,14768.37695,892.9247791,4204.069393,7322.305396,1763.855862,3738.638159,1200.741856
287100,14898.61634,15141.65687,915.6317918,4238.528818,7492.84846,1809.94957,3839.47788,1223.751594
288000,15245.88,15520.95,937.32,4273.93,7664.73,1854.2,3938.56,1247.19
288900,15588.35857,15902.67227,956.9977311,4309.773747,7831.244249,1894.769897,4034.322995,1270.622727
289800,15924.38949,16283.25658,974.862282,4345.078279,7994.027659,1932.394384,4127.063343,1294.069669
290700,16252.97566,16659.1401,991.4081919,4378.741172,8156.80224,1968.45168,4217.542019,1317.664276
291600,16573.12,17026.76,1007.13,4409.66,8323.29,2004.32,4306.52,1341.54
292500,16883.35326,17383.07989,1022.460574,4437.174585,8495.818058,2041.176502,4394.432723,1365.777275
293400,17180.31764,17727.16923,1037.586093,4462.393739,8671.133969,2079.394101,4480.41347,1390.244468
294300,17460.1832,18058.62396,1052.631066,4486.868524,8844.590395,2119.144649,4563.269981,1414.756927
295200,17719.12,18377.04,1067.72,4512.15,9011.54,2160.6,4641.81,1439.13
296100,17954.12293,18682.40146,1082.939505,4539.446352,9168.579768,2203.558781,4715.085018,1463.208014
297000,18165.48621,18976.24523,1098.224596,4568.594264,9317.283966,2246.326712,4783.121528,1486.951208
297900,18354.32888,19260.49639,1113.472389,4599.087544,9460.471181,2286.836287,4846.189775,1510.348798
298800,18521.77,19537.08,1128.58,4630.42,9600.96,2323.02,4904.56,1533.39
299700,18669.5644,19807.60239,1143.449218,4661.880475,9740.802713,2353.454311,4958.54908,1556.055354
300600,18802.01003,20072.39484,1158.000522,4691.937953,9878.986417,2379.29155,5008.660417,1578.290698
301500,18924.04065,20331.46987,1172.159065,4718.856455,10013.73191,2402.328014,5055.444045,1600.033193
302400,19040.59,20584.84,1185.85,4740.9,10143.26,2424.36,5099.45,1621.22
303300,19154.52808,20831.35632,1199.00378,4757.092374,10265.92313,2446.752569,5141.019287,1641.77385
304200,19260.46992,21065.22416,1211.572065,4769.496423,10380.60037,2469.145838,5179.656804,1661.559749
305100,19350.9668,21279.48742,1223.511818,4780.934761,10486.30242,2490.748688,5214.658419,1680.428274
306000,19418.57,21467.19,1234.78,4794.23,10582.04,2510.77,5245.32,1698.23
306900,19458.60265,21624.06436,1245.329256,4811.403468,10667.55258,2528.491664,5271.258145,1714.883465
307800,19477.47528,21756.59726,1255.094966,4831.271354,10745.49462,2543.4876,5293.372367,1730.579054
308700,19484.37027,21873.96403,1264.008193,4851.848563,10819.24935,2555.404736,5312.882905,1745.575117
309600,19488.47,21985.34,1272,4871.15,10892.2,2563.89,5331.01,1760.13
310500,19496.55912,22096.80547,1279.001383,4887.581098,10966.59672,2568.963901,5348.47985,1774.349947
311400,19505.83144,22202.06056,1284.94307,4901.10941,11040.1574,2572.141264,5364.042479,1787.732783
312300,19511.08304,22291.71038,1289.755722,4912.093017,11109.46689,2575.310495,5375.953869,1799.624227
313200,19507.11,22356.36,1293.37,4920.89,11171.11,2580.36,5382.47,1809.37
314100,19489.90867,22389.2108,1295.743806,4927.710732,11222.22586,2588.495233,5382.377142,1816.497996
315000,19460.27645,22393.84924,1296.944005,4932.174755,11262.17077,2598.189845,5376.582715,1821.264813
315900,19420.211,22376.45806,1297.064701,4933.7539,11290.85529,2607.234534,5366.524432,1824.109224
316800,19371.71,22343.22,1296.2,4931.92,11308.19,2613.42,5353.64,1825.47
317700,19315.49855,22297.49242,1294.353392,4926.557066,11313.74529,2614.652509,5338.740802,1825.607755
318600,19247.21152,22231.33122,1291.165911,4919.197821,11305.73078,2609.300605,5320.132909,1824.070463
319500,19161.21123,22133.96691,1286.187974,4911.787165,11282.01587,2595.848398,5295.496061,1820.22794
320400,19051.86,21994.63,1278.97,4906.27,11240.47,2572.78,5262.51,1813.45
321300,18916.42934,21807.09935,1269.253718,4903.760222,11180.07172,2539.55051,5219.999024,1803.319578
322200,18763.82749,21583.34713,1257.546101,4902.047712,11104.23613,2499.498984,5171.365649,1790.272084
323100,18605.8719,21339.89385,1244.545434,4898.091346,11017.48747,2456.935466,5121.15695,1774.956049
324000,18454.38,21093.26,1230.95,4888.85,10924.35,2416.17,5073.92,1758.02
324900,18318.39911,20857.68799,1217.399861,4872.414232,10828.87268,2380.582012,5033.179197,1740.129558
325800,18195.89602,20638.30776,1204.302185,4851.40133,10733.20346,2349.828458,4998.368244,1722.018699
326700,18082.06743,20437.97115,1192.005916,4829.560263,10639.01501,2322.635675,4967.898169,1704.438491
327600,17972.11,20259.53,1180.86,4810.64,10547.98,2297.73,4940.18,1688.14
328500,17860.58049,20101.99339,1170.919964,4797.154568,10460.03832,2273.828316,4913.313875,1673.499378
329400,17739.47592,19948.99934,1161.067661,4786.678218,10368.19877,2249.609684,4884.156374,1659.393119
330300,17600.15339,19780.34312,1149.891528,4775.550259,10263.73732,2223.74371,4849.253186,1644.3228
331200,17433.97,19575.82,1135.98,4760.11,10137.93,2194.9,4805.15,1626.79
332100,17235.62114,19321.29924,1118.426066,4737.735623,9984.844953,2162.14113,4749.609364,1605.707304
333000,17013.15531,19026.94613,1098.340922,4709.9608,9809.718972,2126.101555,4685.261259,1581.631325
333900,16777.95934,18708.99995,1077.340317,4679.358077,9620.581005,2087.808703,4615.952525,1555.529684
334800,16541.42,18383.7,1057.04,4648.5,9425.46,2048.29,4545.53,1528.37
335700,16312.74731,18064.76496,1038.741085,4619.436692,9231.030771,2008.458571,4476.916168,1501.154374
336600,16092.44408,17755.83114,1022.486151,4592.128583,9038.551597,1968.770344,4409.336089,1475.022829
337500,15878.8363,17458.01425,1008.003141,4566.013683,8847.926624,1929.566945,4341.090465,1451.14987
338400,15670.25,17172.43,995.02,4540.53,8659.06,1891.19,4270.48,1430.71
339300,15465.70821,16899.83373,983.2464684,4515.273861,8472.475402,1854.206616,4196.61112,1414.404575
340200,15267.02213,16639.5393,972.3194746,4490.474867,8291.174641,1820.085818,4121.813136,1401.042357
341100,15076.69999,16390.50023,961.8577434,4466.52094,8118.77906,1790.522111,4049.221085,1388.95896
342000,14897.25,16151.67,951.48,4443.8,7958.91,1767.21,3981.97,1376.49
342900,14730.83702,15922.51716,940.9116349,4422.59974,7814.586527,1751.036683,3922.480291,1362.357952
343800,14578.25239,15704.5704,930.3047009,4402.806947,7686.418588,1739.660133,3870.313865,1346.832744
344700,14439.94406,15499.87344,919.9179165,4384.208181,7574.413856,1729.931017,3824.318008,1330.571163
345600,14316.36,15310.47,910.01,4366.59,7478.58,1718.7,3783.34,1314.23
346500,14207.85276,15137.72293,900.8093358,4349.727334,7398.292398,1703.696495,3746.285999,1298.378147
347400,14114.39331,14980.27159,892.4229719,4333.348593,7330.397255,1686.164899,3712.297652,1283.232918
348300,14035.8572,14836.07446,884.927622,4317.170555,7271.108485,1668.228353,3680.575479,1268.92373
349200,13972.12,14703.09,878.4,4300.91,7216.64,1652.01,3650.32,1255.58
350100,13922.74818,14579.99829,872.8853968,4284.447329,7164.364975,1639.166867,3620.988839,1243.329145
351000,13886.07187,14468.36572,868.3034115,4268.317431,7116.29364,1629.491521,3593.068028,1232.290583
351900,13860.11213,14370.48029,864.5422205,4253.218817,7075.595484,1622.310415,3567.300703,1222.581729
352800,13842.89,14288.63,861.49,4239.85,7045.44,1616.95,3544.43,1214.32
353700,13833.34453,14225.00439,859.0695459,4228.703039,7028.272388,1612.870411,3525.148177,1207.575584
354600,13834.08672,14181.39928,857.3421322,4219.444185,7023.640685,1610.066516,3509.943986,1202.229751
355500,13848.64555,14159.51202,856.4036524,4211.533239,7030.36864,1608.666862,3499.255302,1198.116542
356400,13880.55,14161.04,856.35,4204.43,7047.28,1608.8,3493.52,1195.07
357300,13932.08338,14187.57899,857.3245447,4197.863329,7073.663755,1610.692425,3493.275172,1193.060707
358200,14000.54626,14240.31842,859.6605599,4192.63833,7110.66987,1614.962416,3499.454778,1192.605414
359100,14081.9935,14320.34615,863.7387951,4189.829166,7159.913549,1622.326199,3513.091995,1194.357414
360000,14172.48,14428.75,869.94,4190.51,7223.01,1633.5,3535.22,1198.97
360900,14267.23303,14563.63387,878.3424317,4195.321613,7299.845872,1648.76364,3565.555823,1206.69612
361800,14358.1695,14711.16577,887.8143784,4203.171245,7383.393586,1666.651322,3598.551903,1216.187344
362700,14436.37872,14854.5298,896.9216359,4212.532755,7464.897008,1685.260843,3627.344532,1225.694896
363600,14492.95,14976.91,904.23,4221.88,7535.6,1702.69,3645.07,1233.47
364500,14524.8184,15067.73914,908.817291,4230.119595,7589.5151,1717.631452,3647.737629,1238.352624
365400,14552.302,15141.44473,911.8094265,4237.889189,7631.729535,1731.157297,3642.84886,1241.537709
366300,14601.56459,15218.70295,914.8443488,4246.259189,7670.099202,1744.934494,3640.77816,1244.80894
367200,14698.77,15320.19,919.56,4256.3,7712.48,1760.63,3651.9,1249.95
368100,14863.21867,15462.3216,927.273092,4268.972975,7765.476227,1779.726177,3684.236472,1258.381509
369000,15086.75752,15644.47157,938.0154155,4284.803248,7830.685775,1802.96699,3736.400158,1270.07182
369900,15354.37011,15861.75325,951.4975314,4304.206897,7908.454936,1830.911808,3804.651266,1284.626221
370800,15651.04,16109.28,967.43,4327.6,7999.13,1864.12,3885.25,1301.65
371700,15963.41975,16382.30822,985.4212787,4355.092879,8102.858273,1902.667279,3974.543202,1320.74556
372600,16284.83793,16676.66651,1004.671411,4385.572819,8218.991114,1944.694743,4069.224257,1341.503762
373500,16610.29216,16988.32655,1024.278338,4417.62135,8346.680899,1987.859835,4166.073183,1363.512583
374400,16934.78,17313.26,1043.34,4449.82,8485.08,2029.82,4261.87,1386.36
375300,17253.6761,17647.72491,1061.202574,4481.059729,8633.201307,2068.872521,4354.072594,1409.717034
376200,17563.86324,17989.12489,1078.205189,4511.469225,8789.499767,2105.874039,4442.850314,1433.586883
377100,17862.60127,18335.14993,1094.935209,4541.486608,8952.290844,2142.321038,4529.050378,1458.055791
378000,18147.15,18683.49,1111.98,4571.55,9119.89,2179.71,4613.52,1483.21
378900,18415.62227,19031.81759,1129.745767,4601.983519,9290.524781,2218.99342,4696.780641,1509.131461
379800,18669.54284,19377.73516,1147.914082,4632.655282,9462.071066,2258.947851,4778.050736,1535.884956
380700,18911.2895,19718.82765,1165.985355,4663.319404,9632.316818,2297.805855,4856.222963,1563.530972
381600,19143.24,20052.68,1183.46,4693.73,9799.05,2333.8,4930.19,1592.13
382500,19367.18202,20377.70205,1199.999201,4723.814945,9960.673164,2365.802548,4999.126091,1621.456652
383400,19582.54288,20695.60321,1215.907234,4754.197148,10118.04722,2395.244559,5063.331741,1650.142044
384300,19788.1598,21008.91776,1231.649151,4785.673277,10272.64767,2424.19679,5123.38902,1676.531413
385200,19982.87,21320.18,1247.69,4819.04,10425.95,2454.73,5179.88,1698.97
386100,20165.77417,21630.63685,1264.331962,4854.537482,10578.07866,2488.203732,5233.361089,1716.459116
387000,20337.02688,21936.38576,1281.225732,4890.179876,10723.75381,2523.132665,5284.286051,1730.624369
387900,20497.04615,22232.23678,1297.859136,4923.424832,10856.34455,2557.320266,5333.082987,1743.747437
388800,20646.25,22513,1313.72,4951.73,10969.22,2588.57,5380.18,1758.11
389700,20783.78847,22773.86335,1328.358422,4973.069658,11057.8458,2615.091432,5425.58299,1775.326101
390600,20903.7396,23011.52626,1341.573589,4987.484597,11126.07381,2636.71853,5467.609055,1794.339231
391500,20998.91343,23223.06604,1353.226962,4995.532238,11179.85241,2653.691364,5504.153092,1813.425246
392400,21062.12,23405.56,1363.18,4997.77,11225.13,2666.25,5533.11,1830.86
393300,21089.22523,23557.16523,1371.317789,4995.018106,11266.55845,2674.513821,5553.213358,1845.32195
394200,21088.31848,23680.35796,1377.619913,4989.147985,11303.60347,2678.119463,5566.55148,1857.099958
395100,21070.54499,23778.69421,1382.08958,4982.293873,11334.43426,2676.582873,5576.051362,1866.885487
396000,21047.05,23855.73,1384.73,4976.59,11357.22,2669.42,5584.64,1875.37
396900,21026.00077,23914.43668,1385.58011,4973.539639,11371.55197,2656.64672,5594.338109,1883.058911
397800,21003.65272,23955.4469,1384.82176,4972.122211,11382.70982,2640.278617,5603.541276,1889.713437
398700,20973.28331,23978.80868,1382.67253,4970.686178,11397.39525,2622.831207,5609.738805,1894.908744
399600,20928.17,23984.57,1379.35,4967.58,11422.31,2606.82,5610.42,1898.22
400500,20862.732,23973.23525,1375.123491,4961.650215,11461.63944,2594.428363,5603.668111,1899.376624
401400,20775.95563,23947.13442,1370.469298,4953.735669,11509.50351,2586.511067,5589.942165,1898.725045
402300,20667.96894,23909.05388,1365.915455,4945.173289,11557.50583,2583.590738,5570.295137,1896.765944
403200,20538.9,23861.78,1361.99,4937.3,11597.25,2586.19,5545.78,1894
404100,20389.24528,23805.52762,1358.966237,4931.359503,11621.61012,2594.035923,5517.171011,1890.720217
405000,20220.97477,23730.2254,1356.098549,4928.222611,11628.54238,2603.673363,5484.127563,1886.388882
405900,20036.42688,23623.23049,1352.386586,4928.666914,11617.27344,2610.851622,5446.030334,1880.260607
406800,19837.94,23471.9,1346.83,4933.47,11587.03,2611.32,5402.26,1871.59
407700,19629.31002,23268.60318,1338.714997,4942.610991,11537.29225,2602.02435,5352.86519,1859.87329
408600,19420.1628,23025.75772,1328.474007,4952.875135,11468.55448,2584.696729,5300.566333,1845.573176
409500,19221.58167,22760.79339,1316.826013,4960.249212,11381.56446,2562.265743,5248.75181,1829.393974
410400,19044.65,22491.14,1304.49,4960.72,11277.07,2537.66,5200.81,1812.04
411300,18896.78511,22231.61418,1292.083461,4951.599188,11156.78039,2513.289801,5159.304011,1794.160372
412200,18770.7403,21986.57997,1279.817923,4935.498098,11026.25097,2489.492221,5123.495855,1776.183414
413100,18655.60284,21757.78828,1267.803424,4916.352958,10891.99856,2466.086031,5091.822271,1758.482248
414000,18540.46,21546.99,1256.15,4898.1,10760.54,2442.89,5062.72,1741.43
414900,18415.60344,21352.12058,1244.807723,4883.543819,10635.81602,2419.609103,5034.240799,1725.119752
415800,18276.14226,21155.85365,1233.086801,4870.962475,10511.46291,2395.493137,5002.896499,1708.524419
416700,18118.38995,20937.04739,1220.137479,4857.502393,10378.54084,2369.678102,4964.813949,1690.336877
417600,17938.66,20674.56,1205.11,4840.31,10228.11,2341.3,4916.12,1669.25
418500,17734.84552,20354.27054,1187.474711,4817.280849,10053.98302,2309.49363,4854.263107,1644.441089
419400,17511.15816,19990.14168,1167.982372,4789.307004,9860.982391,2273.388981,4781.978151,1617.025159
420300,17273.38923,19603.15698,1147.703847,4758.029657,9656.683067,2232.114842,4703.321619,1588.601648
421200,17027.33,19214.3,1127.71,4725.09,9448.66,2184.8,4622.35,1560.77
422100,16778.50918,18840.52788,1108.834997,4691.968098,9243.256902,2131.534972,4542.40943,1534.696516
423000,16531.40509,18482.69211,1090.966211,4659.49951,9041.892526,2076.257189,4464.004648,1509.814946
423900,16290.23345,18137.61779,1073.75432,4628.358667,8844.754387,2023.865812,4386.930042,1485.125904
424800,16059.21,17802.13,1056.85,4599.22,8652.03,1979.26,4310.98,1459.63
425700,15841.51371,17474.12748,1040.031084,4572.508164,8464.201874,1945.800233,4236.161985,1432.737847
426600,15636.17649,17155.80362,1023.584033,4547.648706,8282.932505,1920.692263,4163.335758,1405.500056
427500,15441.19354,16850.42544,1007.922465,4523.817395,8110.179383,1899.603161,4093.574151,1379.377237
428400,15254.56,16561.26,993.46,4500.19,7947.9,1878.2,4027.95,1355.83
429300,15074.95975,16290.92829,980.5017621,4476.188307,7797.772945,1853.218941,3967.28466,1335.911939
430200,14903.83143,16039.46717,968.9189074,4452.218165,7660.361203,1825.67251,3911.393571,1319.048579
431100,14743.3024,15806.26747,958.474099,4428.931441,7535.94886,1797.642324,3859.840697,1304.25843
432000,14595.5,15590.72,948.93,4406.98,7424.82,1771.21,3812.19,1290.56
432900,14462.17839,15392.14514,940.0904615,4386.872671,7327.166191,1747.940098,3768.106251,1277.167836
433800,14343.59902,15209.58145,931.9240875,4368.546134,7242.808932,1727.328948,3727.657457,1264.080629
434700,14239.65013,15041.99704,924.4406696,4351.794029,7171.477207,1708.355824,3691.012435,1251.493107
435600,14150.22,14888.36,917.65,4336.41,7112.9,1690,3658.34,1239.6
436500,14075.05044,14748.11051,911.5388917,4322.248508,7066.523699,1671.620356,3629.716743,1228.57875
437400,14013.2975,14622.57702,906.0022427,4309.4073,7030.664319,1654.094199,3604.85035,1218.537656
438300,13963.97082,14513.56001,900.9119724,4298.044942,7003.355279,1638.678443,3583.356282,1209.567735
439200,13926.08,14422.86,896.14,4288.32,6982.63,1626.63,3564.85,1201.76
440100,13899.19595,14351.79936,891.6095967,4280.347983,6967.4037,1618.892228,3549.052247,1195.16701
441000,13885.13472,14299.78798,887.4494416,4274.072165,6960.118792,1615.154255,3536.104894,1189.687496
441900,13886.27363,14265.75761,883.8395657,4269.392765,6964.099488,1614.791655,3526.255093,1185.181734
442800,13904.99,14248.64,880.96,4266.21,6982.67,1617.18,3519.75,1181.51
443700,13942.83341,14248.65656,879.0189715,4264.464248,7018.258689,1621.804951,3517.180676,1178.684462
444600,13998.04237,14271.1873,878.337491,4264.256538,7069.710514,1628.592529,3520.513826,1177.324861
445500,14068.02765,14322.90189,879.2647649,4265.728059,7134.974582,1637.578842,3532.060063,1178.202829
446400,14150.2,14410.47,882.15,4269.02,7212,1648.8,3554.13,1182.09
447300,14240.46604,14535.16846,887.0662359,4273.986743,7297.921543,1662.203592,3587.274735,1189.351235
448200,14328.7158,14676.70281,892.9818445,4279.335433,7386.616652,1677.383128,3625.007302,1198.724311
449100,14403.33515,14809.38575,898.5890309,4283.486406,7471.148435,1693.843601,3659.081218,1208.540231
450000,14452.71,14907.53,902.58,4284.86,7544.58,1711.09,3681.25,1217.13
450900,14472.0715,14955.62742,904.2023349,4282.628311,7602.308889,1728.634744,3686.510852,1223.343096
451800,14484.03195,14978.88647,904.9251309,4278.970481,7649.070378,1746.019957,3682.835716,1228.102895
452700,14518.04892,15012.69479,906.7728614,4276.81741,7691.934178,1762.795192,3681.440223,1232.851246
453600,14603.58,15092.44,911.77,4279.1,7737.97,1778.51,3693.54,1239.03
454500,14762.06734,15244.09453,921.4127059,4288.027981,7793.342121,1793.211183,3727.530139,1247.807943
455400,14982.89142,15455.97006,935.083882,4302.926394,7860.593086,1808.934542,3780.523583,1259.26161
456300,15247.41729,15706.96305,951.6381171,4322.39911,7941.360008,1828.21313,3846.812735,1273.194472
457200,15537.01,15975.97,969.93,4345.05,8037.28,1853.58,3920.69,1289.41
458100,15835.84492,16246.28211,988.9085603,4369.654922,8149.269347,1886.764901,3997.35906,1307.620913
459000,16139.33863,16518.76955,1007.900591,4395.677693,8275.361028,1926.284375,4075.668703,1327.176916
459900,16445.71803,16798.69721,1026.327326,4422.754117,8412.867195,1969.851661,4155.378994,1347.336961
460800,16753.21,17091.33,1043.61,4450.52,8559.1,2015.18,4236.25,1367.36
461700,17060.07548,17400.27062,1059.406959,4478.595143,8711.513617,2060.413901,4318.000653,1386.735905
462600,17364.71156,17722.47299,1074.325004,4506.535334,8868.130304,2105.422958,4400.185356,1405.878226
463500,17665.54936,18053.22887,1089.208046,4533.880358,9027.114338,2150.508036,4482.317382,1425.431434
464400,17961.02,18387.83,1104.9,4560.17,9186.63,2195.97,4563.91,1446.04
465300,18249.38111,18722.27261,1121.978603,4585.129038,9345.270872,2241.813401,4644.400829,1468.158281
466200,18528.19637,19055.37098,1139.956894,4609.222223,9503.347758,2286.857542,4722.924872,1491.480181
467100,18794.85594,19386.64385,1158.081738,4633.099296,9661.600764,2329.625412,4798.541479,1515.50949
468000,19046.75,19715.61,1175.6,4657.41,9820.77,2368.64,4870.31,1539.75
468900,19282.32818,20041.77658,1191.967692,4682.747142,9980.955707,2403.153118,4937.684624,1563.815659
469800,19504.27796,20364.60435,1207.47742,4709.475776,10139.69867,2435.331872,5001.698904,1587.761051
470700,19716.34626,20683.54244,1222.630938,4737.904023,10293.89979,2468.07219,5063.781232,1611.750918
471600,19922.28,20998.04,1237.93,4768.34,10440.46,2504.27,5125.36,1635.95
472500,20124.60256,21307.52605,1253.723442,4800.875521,10577.27833,2545.664751,5187.288486,1660.380019
473400,20320.94304,21611.34912,1269.748427,4834.737173,10706.24633,2589.369969,5248.119511,1684.490614
474300,20507.707,21908.83764,1285.589198,4868.935238,10830.25366,2631.342703,5305.83078,1707.588401
475200,20681.3,22199.32,1300.83,4902.48,10952.19,2667.54,5358.4,1728.98
476100,20837.57237,22480.32766,1315.070571,4934.187651,11073.29518,2694.776786,5404.107682,1748.086608
477000,20970.15363,22742.20416,1327.972624,4962.098033,11188.20976,2713.299501,5442.445554,1764.787744
477900,21072.11808,22973.49608,1339.213364,4984.056898,11289.92446,2724.212466,5473.208149,1779.077508
478800,21136.54,23162.75,1348.47,4997.91,11371.43,2728.62,5496.19,1790.95
479700,21159.34826,23303.02598,1355.535055,5002.485906,11428.14265,2727.466076,5511.5186,1800.511674
480600,21147.88993,23405.438,1360.662329,5000.544445,11465.18087,2721.053277,5520.653275,1808.318409
481500,21112.36663,23485.61352,1364.220938,4995.828262,11490.08865,2709.52384,5525.386313,1815.03844
482400,21062.98,23559.18,1366.58,4992.08,11510.41,2693.02,5527.51,1821.34
483300,21007.68833,23637.37608,1368.03452,4992.026538,11532.60186,2672.04016,5528.386357,1827.690289
484200,20945.47665,23713.88509,1368.58306,4994.331687,11558.77301,2648.50739,5527.656345,1833.752368
485100,20873.08664,23778.00156,1368.15007,4996.643492,11589.94515,2624.700924,5524.530661,1838.988263
486000,20787.26,23819.02,1366.66,4996.61,11627.14,2602.9,5518.22,1842.86
486900,20685.31559,23828.98612,1364.102645,4992.599662,11670.38959,2585.253283,5508.086597,1844.95717
487800,20566.88097,23810.95039,1360.729179,4985.862559,11715.76711,2573.387164,5494.098843,1845.379619
488700,20432.16086,23770.71447,1356.856124,4978.369176,11758.35608,2568.797462,5476.376668,1844.354759
489600,20281.36,23714.08,1352.8,4972.09,11793.24,2572.98,5455.04,1842.11
490500,20115.36759,23644.25693,1348.71912,4968.441375,11815.23417,2585.888895,5429.966629,1838.785094
491400,19937.81073,23554.08833,1344.138973,4966.623078,11818.08106,2601.311456,5400.065781,1834.169155
492300,19753.00101,23433.82557,1338.426839,4965.280742,11795.25492,2611.493288,5364.004543,1827.963638
493200,19565.25,23273.72,1330.95,4963.06,11740.23,2608.68,5320.45,1819.87
494100,19378.78108,23067.92069,1321.264625,4958.631242,11649.30248,2587.709888,5268.984699,1809.617455
495000,19197.46485,22826.16752,1309.682431,4950.763879,11530.05615,2553.792014,5212.853031,1797.046262
495900,19025.08369,22562.09809,1296.704021,4938.252076,11392.89675,2514.728134,5156.214847,1782.024438
496800,18865.42,22289.35,1282.83,4919.89,11248.23,2478.32,5103.23,1764.42
497700,18720.67948,22019.86814,1268.549255,4895.387875,11104.78858,2450.485305,5057.110043,1744.343991
498600,18586.76111,21758.8266,1254.303805,4868.120158,10964.61308,2429.605488,5017.273344,1722.879547
499500,18457.98719,21509.70675,1240.523953,4842.377361,10828.07104,2412.177927,4982.189973,1701.35283
500400,18328.68,21275.99,1227.64,4822.45,10695.53,2394.7,4950.33,1681.09
501300,18193.39678,21057.81848,1215.820386,4811.111788,10566.16069,2374.223425,4919.729346,1662.966582
502200,18047.63446,20841.97735,1204.186098,4805.069241,10434.34653,2350.017285,4886.687341,1646.05555
503100,17887.12491,20611.91255,1191.596261,4799.512073,10293.2741,2321.905002,4847.069166,1628.979243
504000,17707.6,20351.07,1176.91,4789.63,10136.13,2289.71,4796.74,1610.36
504900,17506.42201,20047.57139,1159.343889,4771.854191,9958.108175,2253.407869,4732.830071,1589.141089
505800,17287.47481,19708.2415,1139.544303,4747.581629,9762.432046,2213.582872,4657.529791,1565.549503
506700,17056.27271,19344.58085,1118.515065,4719.450753,9554.332394,2170.971439,4574.294615,1540.133166
507600,16818.33,18968.09,1097.26,4690.1,9339.04,2126.31,4486.58,1513.44
508500,16578.4963,18589.22705,1076.655151,4661.584418,9121.400355,2080.49291,4397.496774,1485.990781
509400,16338.96255,18214.28041,1057.06544,4633.625493,8904.717784,2035.046226,4308.777246,1458.197688
510300,16101.25502,17848.49607,1038.728009,4605.361322,8691.911321,1991.653929,4221.809095,1430.445751
511200,15866.9,17497.12,1021.88,4575.93,8485.9,1952,4137.98,1403.12
512100,15637.90906,17164.69557,1006.674102,4544.923919,8289.23806,1917.244083,4058.427988,1376.591412
513000,15418.23501,16852.95561,992.9251886,4513.752649,8103.020566,1886.448473,3983.292476,1351.174746
513900,15212.31595,16562.93035,980.363681,4484.280055,7927.977789,1858.151126,3912.463225,1327.170707
514800,15024.59,16295.65,968.72,4458.37,7764.84,1830.89,3845.83,1304.88
515700,14857.78872,16051.09225,957.7500045,4437.273967,7614.340842,1803.545601,3783.318928,1284.654664
516600,14707.81743,15825.02466,947.3113061,4419.79391,7477.22745,1776.368632,3725.0016,1267.052078
517500,14568.87493,15612.16223,937.2869547,4404.119397,7354.250333,1749.952348,3670.985972,1252.680952
518400,14435.16,15407.22,927.56,4388.44,7246.16,1724.89,3621.38,1242.15
519300,14302.73201,15206.44449,918.0702553,4371.442555,7153.082479,1701.506014,3576.210361,1235.594305
520200,14175.09276,15012.20827,908.9845871,4353.802962,7072.645883,1679.049498,3535.178622,1231.254443
521100,14057.60463,14828.41541,900.5266254,4336.694389,7001.853846,1656.500734,3497.905072,1226.897359
522000,13955.63,14658.97,892.92,4321.29,6937.71,1632.84,3464.01,1220.29
522900,13872.84948,14506.70963,886.3050681,4308.374406,6878.074086,1607.5555,3433.107753,1209.86077
523800,13806.21652,14370.20602,880.4890955,4297.177991,6824.230267,1582.167124,3404.788911,1196.683901
524700,13751.0028,14246.9644,875.1960752,4286.54258,6778.318815,1558.702687,3378.638113,1182.495082
525600,13702.48,14134.49,870.15,4275.31,6742.48,1539.19,3354.24,1169.03
526500,13657.95305,14031.60855,865.2046285,4262.726539,6718.446178,1525.306518,3331.512223,1157.705738
527400,13622.85992,13942.42766,860.7327808,4249.656325,6706.318048,1517.328254,3311.704485,1148.664952
528300,13604.67183,13872.37544,857.2370427,4237.367949,6705.788394,1515.180863,3296.399505,1141.73169
529200,13610.86,13826.88,855.22,4227.13,6716.55,1518.79,3287.18,1136.73
530100,13646.40894,13810.96103,855.0656368,4220.130221,6738.725889,1528.047805,3285.492888,1133.604245
531000,13706.35629,13828.0046,856.6835313,4217.232961,6774.16004,1542.71236,3292.241898,1132.78004
531900,13783.253,13880.98837,859.8646602,4219.22172,6825.126671,1562.508236,3308.194959,1134.803316
532800,13869.65,13972.89,864.4,4226.88,6893.9,1587.16,3334.12,1140.22
533700,13958.0876,14102.16014,869.9878243,4240.008203,6980.615267,1615.700857,3369.55138,1149.199782
534600,14041.06366,14249.14143,875.955594,4254.474333,7076.851794,1644.398555,3409.089172,1160.407386
535500,14111.06538,14389.64951,881.5380666,4265.163297,7172.049924,1668.829475,3446.099878,1172.131298
536400,14160.58,14499.5,885.97,4266.96,7255.65,1684.57,3473.95,1182.66
537300,14187.37643,14563.85841,888.8749409,4256.64228,7319.919138,1689.192672,3488.500967,1190.767565
538200,14210.35034,14605.28967,891.4315928,4238.559707,7368.431536,1688.25467,3495.593914,1197.170415
539100,14253.67907,14655.7086,895.2074483,4218.95478,7407.588166,1689.309333,3503.564904,1203.070557
540000,14341.54,14747.03,901.77,4204.07,7443.79,1699.91,3520.75,1209.67
540900,14491.94371,14903.4653,912.2385058,4198.8758,7483.11537,1725.475798,3553.768971,1217.957457
541800,14698.23375,15118.41239,925.9392848,4203.25434,7530.352062,1762.889014,3602.376421,1228.068456
542700,14947.58692,15377.56579,941.7504214,4215.81571,7589.965223,1806.897722,3664.610661,1239.925226
543600,15227.18,15666.62,958.55,4235.17,7666.42,1852.25,3738.51,1253.45
544500,15525.30093,15973.09102,975.3944734,4259.807643,7762.975318,1894.603198,3821.998617,1268.572762
545400,15834.68217,16291.78077,992.053768,4287.740433,7878.065215,1933.251775,3912.544151,1285.254513
546300,16149.16733,16619.31263,1008.476179,4316.860507,8008.917504,1968.399464,4007.50011,1303.464008
547200,16462.6,16952.31,1024.61,4345.06,8152.76,2000.25,4104.22,1323.17
548100,16770.14023,17287.91514,1040.456569,4370.813003,8306.89445,2029.619534,4200.506563,1344.26165
549000,17072.21382,17625.34579,1056.229393,4394.921428,8468.918329,2059.773887,4295.959475,1366.309741
549900,17370.563,17964.33854,1072.19502,4418.769138,8636.503043,2094.591296,4390.62765,1388.805462
550800,17666.93,18304.63,1088.62,4443.74,8807.32,2137.95,4484.56,1411.24
551700,17962.1897,18645.85185,1105.666749,4470.930343,8979.345944,2192.159291,4577.613102,1433.237981
552600,18253.74754,18987.21608,1123.08116,4500.286356,9151.778971,2253.252678,4668.874198,1454.957772
553500,18538.14161,19327.82977,1140.50499,4531.466691,9324.122512,2315.694726,4757.238195,1476.691177
554400,18811.91,19666.8,1157.58,4564.13,9495.88,2373.95,4841.6,1498.73
555300,19072.18785,20002.88668,1174.065496,4597.815623,9666.495835,2423.630178,4921.246342,1521.300176
556200,19318.49853,20333.46114,1190.190969,4631.585647,9835.178287,2464.935401,4997.031233,1544.36417
557100,19550.96244,20655.54753,1206.303457,4664.382848,10001.0766,2499.212923,5070.200507,1567.818579
558000,19769.7,20966.17,1222.75,4695.15,10163.34,2527.81,5142,1591.56
558900,19973.63435,21263.33516,1239.71033,4723.044352,10321.2854,2552.344528,5213.202625,1615.368659
559800,20156.89959,21548.97936,1256.694966,4748.081054,10474.90038,2575.516969,5282.689621,1638.559298
560700,20312.43253,21826.02138,1273.047118,4770.489729,10624.34017,2600.298425,5348.869306,1660.330288
561600,20433.17,22097.38,1288.11,4790.5,10769.76,2629.66,5410.15,1679.88
562500,20512.06598,22363.8261,1301.369589,4808.241655,10910.88505,2665.010928,5465.145501,1696.663939
563400,20542.14311,22617.53892,1312.882919,4823.445136,11045.72019,2701.512974,5513.291533,1711.166139
564300,20516.44118,22848.54978,1322.84979,4835.741049,11171.84024,2732.766033,5554.229298,1724.12777
565200,20428,23046.89,1331.47,4844.76,11286.82,2752.37,5587.6,1736.29
566100,20274.15016,23206.13917,1338.933033,4850.459497,11389.10519,2756.288789,5613.393338,1748.173086
567000,20069.38548,23334.06995,1345.387108,4854.104652,11480.62511,2749.942385,5632.992998,1759.413645
567900,19832.49055,23442.00325,1350.970129,4857.287482,11564.17998,2741.114788,5648.131158,1769.427381
568800,19582.25,23541.26,1355.82,4861.6,11642.57,2737.59,5660.54,1777.63
569700,19336.04196,23639.69596,1360.008435,4868.048327,11717.77483,2744.793758,5671.377395,1783.593091
570600,19105.61874,23731.30628,1363.342398,4875.295004,11788.49188,2758.718737,5679.503977,1787.511781
571500,18901.32614,23806.62097,1365.562661,4881.41668,11852.59798,2772.999348,5683.20607,1789.73708
572400,18733.51,23856.17,1366.41,4884.49,11907.97,2781.27,5680.77,1790.62
573300,18608.79245,23873.35948,1365.746351,4883.037039,11952.9533,2778.986178,5670.984113,1790.518612
574200,18518.90083,23863.09991,1363.918301,4877.36158,11987.76739,2768.887666,5654.644844,1789.819232
575100,18451.8388,23833.17789,1361.393601,4868.21283,12013.10028,2755.535321,5633.050654,1788.915235
576000,18395.61,23791.38,1358.64,4856.34,12029.64,2743.49,5607.5,1788.2
576900,18339.55699,23741.88501,1355.908349,4842.606328,12036.90134,2735.889966,5578.82428,1787.780274
577800,18278.37794,23674.44031,1352.581897,4828.331176,12029.70608,2730.183099,5545.986645,1786.616293
578700,18208.10992,23575.18545,1347.826997,4814.947936,12001.70279,2722.394682,5507.483188,1783.381666
579600,18124.79,23430.26,1340.81,4803.89,11946.54,2708.55,5461.81,1776.75
580500,18026.57022,23230.90564,1330.930568,4796.120617,11860.71666,2685.810362,5408.371582,1765.77998
581400,17920.06242,22988.77261,1318.521609,4790.722466,11752.13328,2655.881187,5350.206075,1751.070597
582300,17813.99341,22720.61327,1304.149347,4786.308082,11631.54076,2621.603918,5291.26003,1733.605915
583200,17717.09,22443.18,1288.38,4781.49,11509.69,2585.82,5235.48,1714.37
584100,17635.57323,22170.97009,1271.776256,4775.233078,11395.09092,2550.926709,5185.913144,1694.294804
585000,17565.64114,21909.46052,1254.886665,4767.91146,11287.28954,2517.544652,5142.009056,1674.10382
585900,17500.98597,21661.87318,1238.256241,4760.251612,11183.59089,2485.850269,5102.31794,1654.468426
586800,17435.3,21431.43,1222.43,4752.98,11081.3,2456.02,5065.39,1636.06
587700,17362.24388,21217.45916,1207.714719,4746.322071,10977.1409,2427.895458,5029.372094,1619.210333
588600,17275.35179,21003.71408,1193.46423,4738.499194,10865.51357,2399.978954,4990.797702,1602.892872
589500,17168.1263,20770.05446,1178.794126,4727.23172,10740.23695,2370.437973,4945.796959,1585.741474
590400,17034.07,20496.34,1162.82,4710.24,10595.13,2337.44,4890.5,1566.39
591300,16868.87251,20169.06419,1144.925804,4686.063483,10426.21734,2299.728647,4822.29145,1543.887612
592200,16676.97172,19801.25566,1125.568915,4656.518014,10238.34619,2258.352033,4743.573888,1518.944693
593100,16464.99257,19412.57679,1105.475069,4624.238539,10038.56945,2214.934402,4658.004382,1492.686927
594000,16239.56,19022.69,1085.37,4591.86,9833.94,2171.1,4569.24,1466.24
594900,16007.10655,18647.39282,1065.865972,4561.629466,9630.259122,2128.04714,4480.463981,1440.555623
595800,15773.29509,18287.0233,1047.121359,4534.242498,9428.321667,2085.270413,4392.964247,1415.889608
596700,15543.59608,17938.05463,1029.181068,4510.006781,9227.670878,2041.83848,4307.554889,1392.323788
597600,15323.48,17596.96,1012.09,4489.23,9027.85,1996.82,4225.05,1369.94
598500,15117.19771,17261.81314,995.8995287,4471.895996,8829.272425,1949.973886,4146.165906,1348.825362
599400,14924.12169,16937.08991,980.6868972,4456.693242,8635.832141,1903.820064,4071.227874,1329.088127
600300,14742.40482,16628.86673,966.5358171,4441.986367,8452.293287,1861.568709,4000.463405,1310.841828
601200,14570.2,16343.22,953.53,4426.14,8283.42,1826.43,3934.1,1294.2
602100,14406.05231,16084.29089,941.699195,4407.947018,8132.702273,1800.542783,3872.25802,1279.197458
603000,14250.07567,15848.47956,930.8573017,4387.913284,7998.53352,1781.760582,3814.629258,1265.554135
603900,14102.77619,15630.25096,920.7642576,4366.972908,7878.033006,1766.86559,3760.798367,1252.911245
