300,10889.45441,11197.9723599995,738.366976,3763.864122,5624.309345,1409.174902,2533.617417,1034.019672
600,10867.87121,11170.1033396834,737.6137881,3764.621359,5605.138382,1405.418536,2525.482727,1033.038543
900,10846.9632,11145.3170893527,736.9944686,3765.316961,5586.845287,1402.042832,2517.488705,1032.137099
1200,10826.71321,11123.3477699448,736.4930498,3765.956179,5569.39823,1399.029723,2509.628122,1031.315824
1500,10807.10406,11103.9295039801,736.093564,3766.54426,5552.765387,1396.361138,2501.893752,1030.575204
1800,10788.11856,11086.7964498129,735.7800435,3767.086455,5536.91493,1394.019011,2494.278366,1029.915725
2100,10769.73952,11071.682779897,735.5365205,3767.588014,5521.815032,1391.985272,2486.774737,1029.337873
2400,10751.94978,11058.3226062827,735.3470275,3768.054187,5507.433867,1390.241853,2479.375639,1028.842132
2700,10734.73214,11046.4500853274,735.1955966,3768.490222,5493.739608,1388.770685,2472.073844,1028.428989
3000,10718.06941,11035.7993772675,735.0662602,3768.901369,5480.700429,1387.553699,2464.862123,1028.098929
3300,10701.94443,11026.1046381485,734.9430506,3769.292879,5468.284502,1386.572827,2457.733251,1027.852438
3600,10686.34,11017.0999974385,734.81,3769.67,5456.46,1385.81,2450.68,1027.69
3900,10671.24156,11008.5701197923,734.6545589,3770.036985,5445.191358,1385.24611,2443.700259,1027.611376
4200,10656.64502,11000.5017619344,734.4778499,3770.394094,5434.428049,1384.857889,2436.812382,1027.613425
4500,10642.54891,10992.9321894719,734.2844138,3770.740592,5424.11581,1384.621031,2430.039843,1027.692277
4800,10628.95175,10985.8986599635,734.0787915,3771.075741,5414.200374,1384.511229,2423.406112,1027.844067
5100,10615.85207,10979.4384499999,733.8655236,3771.398806,5404.627476,1384.504176,2416.934663,1028.064926
5400,10603.2484,10973.5888099625,733.649151,3771.709048,5395.342852,1384.575566,2410.648965,1028.350986
5700,10591.13926,10968.387009761,733.4342145,3772.005732,5386.292236,1384.70109,2404.572492,1028.698381
6000,10579.52318,10963.8703298052,733.2252548,3772.288122,5377.421363,1384.856443,2398.728714,1029.103242
6300,10568.39868,10960.0760199951,733.0268127,3772.55548,5368.675968,1385.017317,2393.141104,1029.561702
6600,10557.76431,10957.0413499789,732.843429,3772.80707,5360.001786,1385.159406,2387.833134,1030.069893
6900,10547.61857,10954.8035899998,732.6796445,3773.042156,5351.344552,1385.258403,2382.828276,1030.623949
7200,10537.96,10953.3999942227,732.54,3773.26,5342.65,1385.29,2378.15,1031.22
7500,10528.78736,10952.8697699775,732.4290015,3773.462719,5333.884952,1385.23857,2373.813488,1031.854388
7800,10520.10037,10953.2597799137,732.351016,3773.663837,5325.100577,1385.123194,2369.800753,1032.524286
8100,10511.89897,10954.6188295726,732.3103761,3773.879732,5316.36913,1384.971636,2366.085517,1033.227073
8400,10504.18312,10956.9957392695,732.3114139,3774.126782,5307.762867,1384.811656,2362.641502,1033.960131
8700,10496.95277,10960.4392999428,732.3584619,3774.421362,5299.354042,1384.671016,2359.44243,1034.72084
9000,10490.20786,10964.998309529,732.4558524,3774.779852,5291.214911,1384.577476,2356.462024,1035.50658
9300,10483.94835,10970.7215797918,732.6079178,3775.218627,5283.41773,1384.558799,2353.674006,1036.314733
9600,10478.17418,10977.6579163593,732.8189904,3775.754066,5276.034753,1384.642746,2351.052097,1037.142678
9900,10472.88531,10985.8561194584,733.0934025,3776.402545,5269.138237,1384.857078,2348.57002,1037.987797
10200,10468.08169,10995.3650098188,733.4354866,3777.180443,5262.800435,1385.229557,2346.201497,1038.84747
10500,10463.76327,11006.2333599326,733.849575,3778.104135,5257.093605,1385.787944,2343.920249,1039.719077
10800,10459.93,11018.51,734.34,3779.19,5252.09,1386.56,2341.7,1040.6
11100,10456.59154,11032.2065299966,734.9094642,3780.44953,5247.858422,1387.565226,2339.525478,1041.490081
11400,10453.79641,11047.1857799994,735.5541508,3781.874677,5244.453854,1388.790074,2337.425441,1042.399016
11700,10451.60285,11063.2734081375,736.2686132,3783.452509,5241.927825,1390.212736,2335.439653,1043.338962
12000,10450.06909,11080.2950437829,737.0474048,3785.170095,5240.331863,1391.811405,2333.60788,1044.322077
12300,10449.25337,11098.076342907,737.8850791,3787.0145,5239.717496,1393.564272,2331.969886,1045.360518
12600,10449.21392,11116.4429599997,738.7761894,3788.972794,5240.136253,1395.449529,2330.565437,1046.466444
12900,10450.00897,11135.2204929055,739.7152892,3791.032044,5241.639663,1397.445368,2329.434297,1047.652012
13200,10451.69676,11154.2346499991,740.6969319,3793.179317,5244.279253,1399.52998,2328.61623,1048.929379
13500,10454.33553,11173.3110299997,741.7156709,3795.401682,5248.106554,1401.681558,2328.151003,1050.310704
13800,10457.9835,11192.2752799999,742.7660597,3797.686205,5253.173093,1403.878292,2328.078378,1051.808144
14100,10462.69891,11210.9530598999,743.8426516,3800.019956,5259.530399,1406.098376,2328.438123,1053.433857
14400,10468.54,11229.1699997968,744.94,3802.39,5267.23,1408.32,2329.27,1055.2
14700,10475.5583,11246.8344099997,746.0548316,3804.782982,5276.30236,1410.530899,2330.604983,1057.115935
15000,10483.77856,11264.18524,747.1925661,3807.183844,5286.693681,1412.756974,2332.438874,1059.179835
15300,10493.21884,11281.544089983,748.3607963,3809.577105,5298.329101,1415.033668,2334.758684,1061.387079
15600,10503.89717,11299.2325699997,749.5671151,3811.947285,5311.133757,1417.396426,2337.551422,1063.733044
15900,10515.83161,11317.5722863608,750.8191154,3814.278901,5325.032787,1419.880691,2340.8041,1066.213106
16200,10529.04021,11336.8848576649,752.12439,3816.556472,5339.951328,1422.521906,2344.503727,1068.822644
16500,10543.54103,11357.4918681799,753.4905318,3818.764516,5355.814517,1425.355515,2348.637314,1071.557035
16800,10559.3521,11379.714948516,754.9251338,3820.887554,5372.547492,1428.416962,2353.19187,1074.411657
17100,10576.49149,11403.8756988945,756.4357887,3822.910102,5390.075391,1431.741691,2358.154407,1077.381887
17400,10594.97723,11430.2957091243,758.0300894,3824.81668,5408.32335,1435.365144,2363.511934,1080.463103
17700,10614.82738,11459.2966093696,759.7156289,3826.591807,5427.216507,1439.322766,2369.251461,1083.650681
18000,10636.06,11491.1999989728,761.5,3828.22,5446.68,1443.65,2375.36,1086.94
18300,10658.65463,11526.2292777558,763.387494,3829.693787,5466.647844,1448.368616,2381.817281,1090.327944
18600,10682.43683,11564.21507,765.3691959,3831.037726,5487.089569,1453.44569,2388.573924,1093.817429
18900,10707.19368,11604.8897599306,767.432889,3832.284382,5507.983583,1458.834623,2395.573268,1097.412878
19200,10732.71223,11647.9857632995,769.5663569,3833.466322,5529.308294,1464.488817,2402.758652,1101.118712
19500,10758.77956,11693.23549999,771.757383,3834.616113,5551.042109,1470.361674,2410.073418,1104.939355
19800,10785.18272,11740.371358697,773.9937506,3835.766319,5573.163436,1476.406597,2417.460905,1108.879229
20100,10811.70879,11789.1257599999,776.2632431,3836.949508,5595.650684,1482.576986,2424.864452,1112.942757
20400,10838.14483,11839.2310999996,778.5536441,3838.198245,5618.482259,1488.826244,2432.2274,1117.134362
20700,10864.27791,11890.4197790127,780.8527368,3839.545097,5641.636571,1495.107772,2439.493089,1121.458466
21000,10889.89508,11942.4242180368,783.1483048,3841.022629,5665.092026,1501.374973,2446.604859,1125.919492
21300,10914.78343,11994.9768246451,785.4281314,3842.663408,5688.827033,1507.581249,2453.506049,1130.521862
21600,10938.73,12006.7637554021,787.68,3844.5,5712.82,1513.68,2460.14,1135.27
21900,10961.58945,12059.4629935036,789.8940582,3846.550355,5737.047744,1519.638636,2466.472685,1140.159724
22200,10983.48674,12102.7679007353,792.0699097,3848.773958,5761.480726,1525.480592,2472.560615,1145.152437
22500,11004.61442,12151.3577826189,794.2095225,3851.115679,5786.087816,1531.24331,2478.482933,1150.200941
22800,11025.16501,12203.6295395824,796.3148645,3853.520389,5810.837882,1536.964233,2484.318783,1155.258034
23100,11045.33107,12255.6417676858,798.3879036,3855.932956,5835.699796,1542.680801,2490.147308,1160.276517
23400,11065.30514,12307.3263458705,800.4306077,3858.298251,5860.642428,1548.430457,2496.047654,1165.209189
23700,11085.27975,12358.6151601919,802.4449447,3860.561143,5885.634647,1554.250644,2502.098963,1170.008851
24000,11105.44745,12409.4400986051,804.4328825,3862.666502,5910.645323,1560.178803,2508.38038,1174.628302
24300,11126.00079,12459.7330386476,806.396389,3864.559197,5935.643326,1566.252376,2514.971048,1179.020343
24600,11147.1323,12509.4258677919,808.3374322,3866.184099,5960.597527,1572.508805,2521.950112,1183.137772
24900,11169.03452,12558.450483503,810.2579799,3867.486077,5985.476795,1578.985532,2529.396714,1186.933392
25200,11191.9,12606.7387630353,812.16,3868.41,6010.25,1585.72,2537.39,1190.36
25500,11215.86903,12654.2485539956,814.0472745,3868.918429,6034.876184,1592.731573,2545.988048,1193.382316
25800,11240.87295,12701.0416469325,815.9308412,3869.044684,6059.275071,1599.967312,2555.164681,1196.012728
26100,11266.79085,12747.2057259996,817.8235521,3868.839776,6083.35656,1607.356198,2564.872658,1198.275547
26400,11293.5018,12792.8285287551,819.738259,3868.354715,6107.030547,1614.827216,2575.064736,1200.195078
26700,11320.8849,12837.9977685771,821.6878138,3867.640512,6130.206929,1622.309346,2585.693673,1201.795632
27000,11348.81923,12882.8011698005,823.6850685,3866.748177,6152.795602,1629.731574,2596.712229,1203.101515
27300,11377.18388,12927.326459654,825.742875,3865.728722,6174.706465,1637.02288,2608.073161,1204.137037
27600,11405.85794,12971.6613564765,827.8740851,3864.633156,6195.849413,1644.112249,2619.729227,1204.926504
27900,11434.7205,13015.8935849314,830.0915508,3863.51249,6216.134343,1650.928662,2631.633186,1205.494226
28200,11463.65063,13060.1108637523,832.4081239,3862.417735,6235.471154,1657.401103,2643.737795,1205.864511
28500,11492.52744,13104.4009100556,834.8366563,3861.399901,6253.76974,1663.458555,2655.995814,1206.061666
28800,11521.23,13148.8514692849,837.39,3860.51,6270.94,1669.03,2668.36,1206.11
29100,11549.63492,13193.4838432936,840.0734932,3859.785397,6286.911844,1674.058508,2680.779966,1206.025482
29400,11577.60889,13229.3976969513,842.86242,3859.208879,6301.695238,1678.543493,2693.192743,1205.790723
29700,11605.0161,13273.5655978878,845.7245505,3858.749592,6315.320162,1682.498459,2705.532218,1205.379998
30000,11631.72076,13317.0501527083,848.6276551,3858.376677,6327.816596,1685.936905,2717.732275,1204.767579
30300,11657.58706,13359.5408025407,851.5395042,3858.059279,6339.21452,1688.872334,2729.726801,1203.927738
30600,11682.4792,13400.7273261973,854.4278681,3857.76654,6349.543913,1691.318248,2741.44968,1202.83475
30900,11706.26139,13440.299011444,857.2605171,3857.467605,6358.834755,1693.288148,2752.8348,1201.462887
31200,11728.79782,13477.9454815726,860.0052215,3857.131617,6367.117026,1694.795536,2763.816046,1199.786421
31500,11749.9527,13513.3562729647,862.6297517,3856.727719,6374.420707,1695.853914,2774.327303,1197.779627
31800,11769.59022,13546.2209168575,865.1018779,3856.225054,6380.775776,1696.476782,2784.302457,1195.416777
32100,11787.57459,13576.2290919737,867.3893706,3855.592767,6386.212214,1696.677644,2793.675394,1192.672143
32400,11803.77,13603.0700804001,869.46,3854.8,6390.76,1696.47,2802.38,1189.52
32700,11818.05997,13626.4747375502,871.2867097,3853.823538,6394.415977,1695.871786,2810.36725,1185.94769
33000,11830.40527,13646.3386443042,872.8631363,3852.670724,6397.044439,1694.918668,2817.656475,1181.994841
33300,11840.78599,13662.598575703,874.1880897,3851.356545,6398.476541,1693.650748,2824.284096,1177.714149
33600,11849.1822,13675.1912208881,875.2603797,3849.895985,6398.543439,1692.108127,2830.286535,1173.158311
33900,11855.574,13684.0535926342,876.0788162,3848.304029,6397.076289,1690.330905,2835.700212,1168.380024
34200,11859.94147,13689.1223255421,876.6422089,3846.595662,6393.906248,1688.359184,2840.56155,1163.431985
34500,11862.26468,13690.3342231382,876.9493679,3844.78587,6388.86447,1686.233063,2844.906967,1158.366891
34800,11862.52374,13687.625969338,876.9991029,3842.889637,6381.782112,1683.992644,2848.772886,1153.23744
35100,11860.69871,13680.9345443264,876.7902237,3840.921948,6372.49033,1681.678027,2852.195728,1148.096329
35400,11856.76969,13670.1965577908,876.3215403,3838.897789,6360.82028,1679.329314,2855.211914,1142.996253
35700,11850.71676,13664.2836298338,875.5918624,3836.832145,6346.603118,1676.986605,2857.857864,1137.989911
36000,11842.52,13645.2505536562,874.6,3834.74,6329.67,1674.69,2860.17,1133.13
36300,11832.19677,13622.0626583035,873.3504955,3832.634064,6309.929756,1672.464229,2862.181487,1128.457489
36600,11819.91353,13595.077107116,871.8708218,3830.517946,6287.601913,1670.272529,2863.91247,1123.96644
36900,11805.874,13564.7351716371,870.1941844,3828.392979,6262.983674,1668.062767,2865.379836,1119.639188
37200,11790.28191,13531.4781356741,868.353789,3826.260495,6236.37224,1665.782808,2866.600474,1115.458068
37500,11773.34098,13495.7472474429,866.382841,3824.121828,6208.064814,1663.38052,2867.591273,1111.405414
37800,11755.25493,13457.9837949101,864.3145461,3821.978311,6178.358597,1660.803767,2868.369121,1107.46356
38100,11736.22751,13418.6290260692,862.1821097,3819.831276,6147.550792,1658.000416,2868.950907,1103.614843
38400,11716.46242,13378.1242190171,860.0187374,3817.682058,6115.938599,1654.918333,2869.35352,1099.841595
38700,11696.1634,13336.9106415327,857.8576347,3815.531988,6083.819222,1651.505383,2869.593846,1096.126152
39000,11675.53417,13299.6859184128,855.7320072,3813.382399,6051.489862,1647.709434,2869.688776,1092.450849
39300,11654.77846,13268.596114224,853.6750605,3811.234626,6019.24772,1643.478351,2869.655198,1088.79802
39600,11634.1,13227.8593652488,851.72,3809.09,5987.39,1638.76,2869.51,1085.15
39900,11613.67508,13233.1227199966,849.8930445,3806.949655,5956.172673,1633.524471,2869.267861,1081.49501
40200,11593.57027,13193.8155799585,848.1924655,3804.813926,5925.686798,1627.830754,2868.934619,1077.844815
40500,11573.82472,13154.7476798041,846.6095476,3802.682946,5895.982201,1621.76006,2868.513905,1074.217067
40800,11554.47757,13115.5080780834,845.1355754,3800.556849,5867.108711,1615.393603,2868.009346,1070.629418
41100,11535.56796,13075.6857826092,843.7618335,3798.43577,5839.116155,1608.812595,2867.424573,1067.099519
41400,11517.13505,13034.8701299978,842.4796067,3796.319844,5812.054363,1602.098249,2866.763215,1063.645023
41700,11499.21796,12992.6499299329,841.2801795,3794.209204,5785.973162,1595.331779,2866.0289,1060.283582
42000,11481.85585,12948.6143698807,840.1548365,3792.103984,5760.92238,1588.594396,2865.225258,1057.032846
42300,11465.08785,12902.352508882,839.0948624,3790.00432,5736.951844,1581.967314,2864.355917,1053.910468
42600,11448.95312,12853.4534480726,838.0915419,3787.910345,5714.111384,1575.531745,2863.424508,1050.9341
42900,11433.49078,12801.5062499982,837.1361596,3785.822194,5692.450826,1569.368903,2862.434659,1048.121393
43200,11418.74,12746.099999803,836.22,3783.74,5672.02,1563.56,2861.39,1045.49
43500,11404.70943,12686.9939999941,835.3333507,3781.662957,5652.850309,1558.159552,2860.294234,1043.051292
43800,11391.28585,12624.628459999,834.4625107,3779.58649,5634.899461,1553.115289,2859.151368,1040.791524
44100,11378.32556,12559.6137799753,833.5927815,3777.505083,5618.106742,1548.348243,2857.965483,1038.69067
44400,11365.68485,12492.56039,832.7094651,3775.41322,5602.411436,1543.779447,2856.740659,1036.728706
44700,11353.22002,12424.0786981209,831.797863,3773.305386,5587.752827,1539.329934,2855.480978,1034.885607
45000,11340.78738,12354.7791493962,830.8432772,3771.176064,5574.0702,1534.920736,2854.19052,1033.141347
45300,11328.24321,12285.2721392642,829.8310093,3769.019738,5561.30284,1530.472886,2852.873366,1031.4759
45600,11315.44382,12216.1680988388,828.7463611,3766.830893,5549.390031,1525.907417,2851.533598,1029.869243
45900,11302.24551,12148.0774481161,827.5746343,3764.604013,5538.271058,1521.145361,2850.175297,1028.301349
46200,11288.50457,12081.6105972321,826.3011307,3762.333581,5527.885205,1516.107751,2848.802542,1026.752195
46500,11274.0773,12017.3779743992,824.911152,3760.014082,5518.171758,1510.71562,2847.419417,1025.201753
46800,11258.82,11955.989999989,823.39,3757.64,5509.07,1504.89,2846.03,1023.63
47100,11242.63391,11897.91564,821.7276266,3755.209189,5500.529251,1498.582245,2844.637597,1022.02164
47400,11225.60003,11843.0580484426,819.9325845,3752.732986,5492.538968,1491.864988,2843.242407,1020.380294
47700,11207.8443,11791.1789299913,818.0180764,3750.226099,5485.098644,1484.841186,2841.843851,1018.714314
48000,11189.49266,11742.0400099998,815.9973052,3747.703234,5478.207769,1477.613793,2840.44135,1017.032053
48300,11170.67106,11695.4029699402,813.8834736,3745.179099,5471.865836,1470.285765,2839.034328,1015.341861
48600,11151.50544,11651.0295299991,811.6897846,3742.668401,5466.072337,1462.960056,2837.622206,1013.652091
48900,11132.12174,11608.6813998992,809.4294408,3740.185848,5460.826764,1455.739622,2836.204406,1011.971093
49200,11112.6459,11568.1202699999,807.1156452,3737.746146,5456.128609,1448.727418,2834.780349,1010.307219
49500,11093.20386,11529.10786,804.7616005,3735.364003,5451.977362,1442.026398,2833.349459,1008.668821
49800,11073.92157,11491.4058799998,802.3805095,3733.054126,5448.372518,1435.739519,2831.911156,1007.064251
50100,11054.92497,11454.7760199998,799.9855751,3730.831223,5445.313566,1429.969734,2830.464862,1005.50186
50400,11036.34,11418.9799999995,797.59,3728.71,5442.8,1424.82,2829.01,1003.99
50700,11018.2732,11383.8485799999,795.2073697,3726.702434,5440.82815,1420.361915,2827.553588,1002.536884
51000,11000.75348,11349.4887499974,792.8527996,3724.809574,5439.381702,1416.541656,2826.133032,1001.150171
51300,10983.79037,11316.0765699842,790.5417879,3723.029741,5438.441183,1413.274044,2824.793333,999.8373844
51600,10967.39339,11283.7881081977,788.2898328,3721.361251,5437.987118,1410.473898,2823.579494,998.6060444
51900,10951.57204,11252.7993899994,786.1124323,3719.802425,5438.000031,1408.05604,2822.536518,997.4636729
52200,10936.33586,11223.2864799499,784.0250845,3718.351581,5438.46045,1405.935289,2821.709405,996.4177914
52500,10921.69434,11195.4254291332,782.0432876,3717.007039,5439.3489,1404.026467,2821.143159,995.4759216
52800,10907.65702,11169.3922995822,780.1825397,3715.767116,5440.645905,1402.244394,2820.882782,994.6455848
53100,10894.23341,11145.3631353346,778.4583389,3714.630132,5442.331993,1400.50389,2820.973275,993.9343027
53400,10881.43303,11123.5139926542,776.8861832,3713.594405,5444.387687,1398.719776,2821.459641,993.3495969
53700,10869.26538,11104.0209231395,775.4815709,3712.658255,5446.793514,1396.806873,2822.386882,992.8989888
54000,10857.74,11087.0599999449,774.26,3711.82,5449.53,1394.68,2823.8,992.59
54300,10846.84815,11072.7721973455,773.2326401,3711.072106,5452.582669,1392.288428,2825.718629,992.4264042
54600,10836.50813,11061.1583699497,772.3933467,3710.383624,5455.957047,1389.71922,2828.060929,992.3969837
54900,10826.61999,11052.1842666551,771.7316468,3709.717751,5459.663655,1387.093889,2830.719692,992.486773
55200,10817.08379,11045.8157199999,771.2370673,3709.037687,5463.71302,1384.533948,2833.587709,992.6808064
55500,10807.79957,11042.0184699417,770.8991351,3708.306628,5468.115664,1382.160909,2836.557772,992.9641185
55800,10798.66738,11040.7583099236,770.7073773,3707.487773,5472.882111,1380.096287,2839.522672,993.3217438
56100,10789.58729,11042.0010199943,770.6513207,3706.54432,5478.022885,1378.461593,2842.375202,993.7387166
56400,10780.45934,11045.7123799915,770.7204923,3705.439465,5483.548511,1377.37834,2845.008153,994.2000714
56700,10771.18358,11051.8581770324,770.9044191,3704.136408,5489.469511,1376.968042,2847.314317,994.6908427
57000,10761.66007,11060.4041885446,771.192628,3702.598347,5495.79641,1377.35221,2849.186485,995.1960649
57300,10751.78886,11071.3162091354,771.574646,3700.788478,5502.539732,1378.652359,2850.517448,995.7007725
57600,10741.47,11084.559999298,772.04,3698.67,5509.71,1380.99,2851.2,996.19
57900,10730.68029,11100.1217652743,772.5811555,3696.223344,5517.322926,1384.443199,2851.166971,996.6565851
58200,10719.70354,11118.0693899981,773.2023319,3693.497875,5525.414973,1388.916234,2850.511354,997.124579
58500,10708.90029,11138.4911399534,773.9106873,3690.560191,5534.027789,1394.269933,2849.366181,997.6258363
58800,10698.6311,11161.4753099107,774.7133795,3687.476889,5543.203025,1400.365126,2847.864486,998.1922114
59100,10689.25652,11187.1101780357,775.6175665,3684.314568,5552.982331,1407.062643,2846.139299,998.855559
59400,10681.13711,11215.4840497487,776.6304064,3681.139826,5563.407356,1414.223313,2844.323656,999.6477335
59700,10674.63341,11246.6850736199,777.759057,3678.019259,5574.51975,1421.707965,2842.550586,1000.600589
60000,10670.10599,11280.8018629254,779.0106763,3675.019467,5586.361163,1429.37743,2840.953124,1001.745981
60300,10667.91538,11288.0646337744,780.3924223,3672.207047,5598.973244,1437.092536,2839.664302,1003.115764
60600,10668.42214,11319.4386026769,781.9114529,3669.648597,5612.397645,1444.714114,2838.817152,1004.741792
60900,10671.98683,11350.2890166472,783.5749262,3667.410716,5626.676013,1452.102992,2838.544707,1006.655919
61200,10678.97,11396.7411166847,785.39,3665.56,5641.85,1459.12,2838.98,1008.89
61500,10689.59633,11446.4209047283,787.3579867,3664.151774,5657.932611,1465.663306,2840.222503,1011.464536
61800,10703.54708,11498.8452229837,789.4568163,3663.196264,5674.822276,1471.780428,2842.237452,1014.354608
62100,10720.3676,11553.416686059,791.6585728,3662.692422,5692.388783,1477.556223,2844.956521,1017.523944
62400,10739.60329,11601.9467296943,793.9353407,3662.6392,5710.501917,1483.075547,2848.311386,1020.936274
62700,10760.79952,11658.982831196,796.2592041,3663.03555,5729.031466,1488.423258,2852.233723,1024.555324
63000,10783.50167,11716.3742351975,798.6022473,3663.880425,5747.847217,1493.684211,2856.655206,1028.344822
63300,10807.25511,11773.5232126707,800.9365545,3665.172776,5766.818955,1498.943264,2861.507511,1032.268497
63600,10831.60523,11801.5450051761,803.23421,3666.911555,5785.816468,1504.285273,2866.722313,1036.290077
63900,10856.0974,11829.61782199,805.4672981,3669.095715,5804.709542,1509.795094,2872.231288,1040.373289
64200,10880.277,11850.4062339454,807.6079029,3671.724208,5823.367965,1515.557585,2877.96611,1044.481861
64500,10903.68941,11900.2501371775,809.6281088,3674.795986,5841.661522,1521.657601,2883.858456,1048.579522
64800,10925.88,11946.8904988148,811.5,3678.31,5859.46,1528.18,2889.84,1052.63
65100,10946.47512,11989.85752199,813.2023258,3682.251343,5876.635867,1535.176454,2895.838711,1056.600643
65400,10965.42497,12029.1725072926,814.7404956,3686.549662,5893.072312,1542.565897,2901.767728,1060.473287
65700,10982.76071,12064.9796208789,816.1265839,3691.120748,5908.655205,1550.234082,2907.536485,1064.233386
66000,10998.51351,12097.4230031764,817.3726651,3695.880386,5923.270417,1558.066759,2913.054415,1067.866397
66300,11012.71454,12126.6467932723,818.4908139,3700.744366,5936.803818,1565.949678,2918.230949,1071.357776
66600,11025.39496,12152.7951303915,819.4931046,3705.628476,5949.141278,1573.768592,2922.975522,1074.692978
66900,11036.58594,12176.0121636008,820.3916116,3710.448504,5960.168666,1581.40925,2927.197566,1077.857459
67200,11046.31864,12196.4420222307,821.1984096,3715.120238,5969.771854,1588.757404,2930.806513,1080.836674
67500,11054.62423,12214.2288652032,821.925573,3719.559467,5977.836711,1595.698806,2933.711798,1083.616081
67800,11061.53388,12229.5168317003,822.5851762,3723.681978,5984.249108,1602.119205,2935.822852,1086.181133
68100,11067.07874,12242.4500509468,823.1892937,3727.403559,5988.894914,1607.904352,2937.049108,1088.517288
68400,11071.29,12253.1726720291,823.75,3730.64,5991.66,1612.94,2937.3,1090.61
68700,11074.19336,12261.8235208845,824.2764602,3733.331391,5992.475652,1617.142604,2936.516062,1092.450305
69000,11075.79278,12268.5201208315,824.7662015,3735.51504,5991.454818,1620.551446,2934.762237,1094.051551
69300,11076.08675,12273.3746823058,825.2138417,3737.252557,5988.755864,1623.236512,2932.134569,1095.432667
69600,11075.07378,12276.4994255775,825.6139987,3738.605552,5984.537154,1625.267789,2928.729103,1096.612581
69900,11072.75236,12278.0065405735,825.9612904,3739.635637,5978.957052,1626.715263,2924.641884,1097.610222
70200,11069.121,12278.0082543133,826.2503345,3740.40442,5972.173923,1627.648922,2919.968956,1098.444516
70500,11064.17819,12276.6167858311,826.475749,3740.973514,5964.346131,1628.138752,2914.806364,1099.134394
70800,11057.92244,12273.9443012934,826.6321515,3741.404528,5955.632042,1628.254739,2909.250152,1099.698781
71100,11050.35224,12270.1030680657,826.7141601,3741.759074,5946.19002,1628.066871,2903.396365,1100.156607
71400,11041.4661,12265.2052496713,826.7163925,3742.09876,5936.178429,1627.645134,2897.341048,1100.526801
71700,11031.26252,12259.3630752181,826.6334665,3742.485199,5925.755634,1627.059515,2891.180245,1100.828289
72000,11019.74,12285.5757023252,826.46,3742.98,5915.08,1626.38,2885.01,1101.08
72300,11006.92549,12278.1370080101,826.1923428,3743.63179,5904.28178,1625.65821,2878.907024,1101.296761
72600,10992.95979,12269.941380364,825.8337727,3744.43726,5893.378785,1624.8723,2872.870685,1101.476991
72900,10978.01212,12318.0513255944,825.3892994,3745.380119,5882.360713,1623.982057,2866.881019,1101.615007
73200,10962.25174,12308.1909993408,824.8639325,3746.444072,5871.217264,1622.947271,2860.918061,1101.705129
73500,10945.84789,12297.4645920588,824.262682,3747.612827,5859.938137,1621.727729,2854.961844,1101.741672
73800,10928.96981,12285.8368861349,823.5905574,3748.870092,5848.513032,1620.28322,2848.992403,1101.718956
74100,10911.78673,12273.2726534471,822.8525685,3750.199574,5836.931646,1618.573532,2842.989773,1101.631298
74400,10894.46791,12259.7366961508,822.053725,3751.584981,5825.183681,1616.558454,2836.933989,1101.473016
74700,10877.18259,12245.1938063147,821.1990367,3753.01002,5813.258834,1614.197773,2830.805085,1101.238427
75000,10860.1,12229.6087461754,820.2935133,3754.458397,5801.146806,1611.451278,2824.583096,1100.92185
75300,10843.38939,12212.9463276527,819.3421645,3755.913822,5788.837295,1608.278758,2818.248056,1100.517601
75600,10827.22,12195.1713231171,818.35,3757.36,5776.32,1604.64,2811.78,1100.02
75900,10811.72079,12176.2621539404,817.3203375,3758.781888,5763.582939,1600.515828,2805.164721,1099.425586
76200,10796.85955,12156.251759848,816.2497263,3760.169436,5750.607404,1595.971206,2798.411041,1098.739792
76500,10782.56382,12135.1867299832,815.1330233,3761.513844,5737.373003,1591.092133,2791.533541,1097.970272
76800,10768.7611,12113.1136335323,813.9650859,3762.80631,5723.859346,1585.964608,2784.546802,1097.124682
77100,10755.37891,12090.0790494141,812.7407711,3764.038032,5710.046042,1580.674629,2777.465406,1096.210676
77400,10742.34478,12066.1293585423,811.454936,3765.200211,5695.912701,1575.308196,2770.303932,1095.235908
77700,10729.58621,12041.3115639991,810.1024379,3766.284045,5681.438932,1569.951308,2763.076963,1094.208035
78000,10717.03073,12015.6718620769,808.6781337,3767.280732,5666.604345,1564.689964,2755.799077,1093.134711
78300,10704.60585,11989.2571399228,807.1768807,3768.181473,5651.388549,1559.610162,2748.484858,1092.023591
78600,10692.23909,11962.1138317489,805.593536,3768.977465,5635.771153,1554.797901,2741.148884,1090.882329
78900,10679.85797,11934.288366595,803.9229567,3769.659907,5619.731767,1550.339181,2733.805738,1089.71858
79200,10667.39,11905.8276955984,802.16,3770.22,5603.25,1546.32,2726.47,1088.54
79500,10654.76408,11876.8101928803,800.3049703,3770.649384,5586.325589,1542.803807,2719.150136,1087.353412
79800,10641.91459,11855.1955910852,798.3799611,3770.941475,5569.038776,1539.763847,2711.830153,1086.162314
80100,10628.77729,11825.70087275,796.4125135,3771.090131,5551.489932,1537.150816,2704.487942,1084.969373
80400,10615.28793,11796.3371902655,794.4301683,3771.089208,5533.779427,1534.915408,2697.101397,1083.777255
80700,10601.38228,11767.3446226028,792.4604663,3770.932567,5516.007631,1533.008319,2689.648408,1082.588629
81000,10586.99608,11738.9632859025,790.5309485,3770.614064,5498.274914,1531.380244,2682.106867,1081.40616
81300,10572.0651,11711.4332561048,788.6691558,3770.127557,5480.681646,1529.981877,2674.454668,1080.232515
81600,10556.5251,11684.9946492395,786.9026291,3769.466905,5463.328198,1528.763914,2666.669701,1079.070362
81900,10540.31183,11659.8875514162,785.2589093,3768.625965,5446.314939,1527.677049,2658.729859,1077.922367
82200,10523.36106,11636.3520688919,783.7655372,3767.598596,5429.74224,1526.671979,2650.613033,1076.791197
82500,10505.60853,11614.6282876417,782.4500538,3766.378655,5413.71047,1525.699398,2642.297116,1075.679519
82800,10486.99,11594.956303864,781.34,3764.96,5398.32,1524.71,2633.76,1074.59
83100,10467.48345,11577.4983950057,780.4537629,3763.345077,5383.649631,1523.66987,2624.991773,1073.52634
83400,10447.2357,11565.8069784218,779.7731143,3761.570682,5369.691891,1522.606646,2616.031312,1072.49637
83700,10426.43578,11561.1621292859,779.2706726,3759.682196,5356.417738,1521.563353,2606.92969,1071.508956
84000,10405.27273,11549.2056536014,778.9190559,3757.725005,5343.798132,1520.583018,2597.737982,1070.572964
84300,10383.93559,11578.0809377617,778.6908822,3755.744489,5331.80403,1519.708668,2588.50726,1069.697257
84600,10362.6134,11568.6370192479,778.5587699,3753.786034,5320.406393,1518.983329,2579.288598,1068.890703
84900,10341.49518,11560.128049877,778.495337,3751.895021,5309.576178,1518.450027,2570.133069,1068.162164
85200,10320.76997,11552.3260167482,778.4732017,3750.116833,5299.284344,1518.151789,2561.091747,1067.520507
85500,10300.62681,11545.0031097621,778.4649822,3748.496854,5289.501851,1518.131641,2552.215706,1066.974597
85800,10281.25474,11537.93139,778.4432966,3747.080467,5280.199656,1518.432609,2543.556019,1066.5333
86100,10262.84279,11530.8829884199,778.3807632,3745.913055,5271.34872,1519.09772,2535.163759,1066.205479
86400,10245.58,11523.6299999998,778.25,3745.04,5262.92,1520.17,2527.09,1066
86700,10229.61453,11516.0124899946,778.0303776,3744.494023,5254.888497,1521.670804,2519.374219,1065.92377
87000,10214.93104,11508.1423499989,777.7282759,3744.257188,5247.245373,1523.534802,2512.009507,1065.975864
87300,10201.47334,11500.1994099999,777.3568273,3744.298897,5239.985834,1525.674992,2504.977359,1066.153396
87600,10189.1852,11492.3634999997,776.9291639,3744.588551,5233.105083,1528.004371,2498.259269,1066.453482
87900,10178.01044,11484.8144651192,776.458418,3745.095552,5226.598326,1530.435938,2491.836732,1066.873239
88200,10167.89283,11477.7321493782,775.957722,3745.789302,5220.460766,1532.88269,2485.691242,1067.40978
88500,10158.77618,11471.2963794618,775.4402081,3746.639201,5214.687608,1535.257627,2479.804294,1068.060223
88800,10150.60428,11465.6869791278,774.9190086,3747.614652,5209.274056,1537.473746,2474.157384,1068.821682
89100,10143.32092,11461.083808712,774.4072557,3748.685056,5204.215315,1539.444044,2468.732004,1069.691274
89400,10136.86989,11457.6666981603,773.9180818,3749.819814,5199.506589,1541.081521,2463.509651,1070.666114
89700,10131.19498,11455.6154835884,773.4646192,3750.988328,5195.143082,1542.299173,2458.471818,1071.743317
90000,10126.24,11455.1099999862,773.06,3752.16,5191.12,1543.01,2453.6,1072.92
90300,10121.95866,11456.2917299999,772.7155022,3753.309208,5187.442135,1543.158429,2448.879175,1074.192502
90600,10118.34439,11459.1487501669,772.4349856,3754.430244,5184.152635,1542.814609,2444.308252,1075.554063
90900,10115.40056,11463.6307999853,772.2204558,3755.522374,5181.304239,1542.080118,2439.889625,1076.997147
91200,10113.13052,11469.6875999956,772.0739183,3756.584866,5178.949684,1541.056536,2435.625684,1078.514218
91500,10111.53764,11477.26887,771.9973786,3757.616989,5177.141707,1539.84544,2431.518823,1080.09774
91800,10110.62527,11486.3243299989,771.9928421,3758.61801,5175.933045,1538.548409,2427.571435,1081.740177
92100,10110.39677,11496.803729953,772.0623144,3759.587197,5175.376436,1537.267023,2423.785911,1083.433992
92400,10110.85551,11508.65677,772.207801,3760.523819,5175.524618,1536.102859,2420.164644,1085.171652
92700,10112.00484,11521.833189989,772.4313074,3761.427142,5176.430328,1535.157496,2416.710027,1086.945618
93000,10113.84813,11536.2827199496,772.734839,3762.296434,5178.146303,1534.532513,2413.424453,1088.748355
93300,10116.38873,11551.9550799311,773.1204014,3763.130964,5180.725282,1534.329488,2410.310313,1090.572328
93600,10119.63,11568.7999998959,773.59,3763.93,5184.22,1534.65,2407.37,1092.41
93900,10123.57072,11586.7678099996,774.1462307,3764.692656,5188.662814,1535.564409,2404.60838,1094.254994
94200,10128.19134,11605.81128,774.7940502,3765.417439,5194.004548,1537.018197,2402.040215,1096.105569
94500,10133.4677,11625.88378,775.5390057,3766.102703,5200.175647,1538.925629,2399.682737,1097.961141
94800,10139.37567,11646.9386999971,776.3866444,3766.746799,5207.106552,1541.200967,2397.55318,1099.821128
95100,10145.8911,11668.9293860217,777.3425133,3767.348083,5214.727707,1543.758477,2395.66878,1101.684946
95400,10152.98985,11691.8092566677,778.4121595,3767.904908,5222.969555,1546.512422,2394.046769,1103.552014
95700,10160.64777,11715.5316799999,779.6011302,3768.415626,5231.762539,1549.377066,2392.704383,1105.421747
96000,10168.84073,11740.0500099778,780.9149725,3768.878592,5241.037101,1552.266672,2391.658854,1107.293563
96300,10177.54457,11765.3176299452,782.3592335,3769.292159,5250.723685,1555.095504,2390.927417,1109.166879
96600,10186.73516,11791.2879082832,783.9394604,3769.65468,5260.752735,1557.777827,2390.527307,1111.041113
96900,10196.38835,11817.91424783,785.6612001,3769.964509,5271.054692,1560.227905,2390.475756,1112.915681
97200,10206.48,11845.1499962021,787.53,3770.22,5281.56,1562.36,2390.79,1114.79
97500,10216.98676,11872.9558999928,789.5460393,3770.42056,5292.223045,1564.11713,2391.481094,1116.66575
97800,10227.88848,11901.3220592269,791.6880266,3770.569814,5303.093986,1565.557325,2392.53538,1118.553662
98100,10239.16581,11930.2459486004,793.9293025,3770.672441,5314.246924,1566.767367,2393.933023,1120.466727
98400,10250.79938,11959.7250199181,796.2432079,3770.733122,5325.75596,1567.834039,2395.654187,1122.417938
98700,10262.76984,11989.7567388586,798.6030834,3770.756535,5337.695197,1568.844123,2397.679037,1124.420288
99000,10275.05783,12020.3385792613,800.9822699,3770.747359,5350.138736,1569.884403,2399.987738,1126.486769
99300,10287.644,12051.4679935171,803.354108,3770.710275,5363.160678,1571.04166,2402.560453,1128.630374
99600,10300.50899,12083.1424474411,805.6919386,3770.649961,5376.835126,1572.402677,2405.377347,1130.864096
99900,10313.63344,12115.3594244296,807.9691023,3770.571098,5391.23618,1574.054237,2408.418584,1133.200927
100200,10326.99799,12148.1163694572,810.15894,3770.478363,5406.437943,1576.083122,2411.664329,1135.653859
100500,10340.5833,12181.4107298659,812.2347923,3770.376438,5422.514516,1578.576116,2415.094746,1138.235886
100800,10354.37,12215.2399997511,814.17,3770.27,5439.54,1581.62,2418.69,1140.96
101100,10368.36096,12249.5993099841,815.946325,3770.164682,5457.571209,1585.279998,2422.436678,1143.835599
101400,10382.64796,12284.4745569818,817.5792139,3770.069927,5476.595805,1589.535095,2426.347063,1146.857702
101700,10397.345,12319.8493060973,819.0925343,3769.996127,5496.584159,1594.342715,2430.43986,1150.017734
102000,10412.56607,12355.7071499984,820.5101538,3769.953677,5517.506645,1599.660283,2434.733775,1153.307122
102300,10428.42518,12392.0316599964,821.8559402,3769.952972,5539.333635,1605.445226,2439.247512,1156.717289
102600,10445.03633,12428.806388294,823.153761,3770.004406,5562.035502,1611.654967,2443.999779,1160.239661
102900,10462.51351,12466.0149399996,824.427484,3770.118372,5585.582619,1618.246933,2449.009281,1163.865663
103200,10480.97074,12503.64088,825.7009769,3770.305266,5609.945359,1625.178548,2454.294722,1167.58672
103500,10500.522,12541.6677799997,826.9981072,3770.575482,5635.094094,1632.407237,2459.874809,1171.394257
103800,10521.28129,12580.0792199606,828.3427428,3770.939413,5660.999198,1639.890425,2465.768247,1175.279699
104100,10543.36263,12618.8587599998,829.7587511,3771.407454,5687.631042,1647.585538,2471.993742,1179.234472
104400,10566.88,12657.9899817671,831.27,3771.99,5714.96,1655.45,2478.57,1183.25
104700,10591.88687,12697.4629199878,832.8939441,3772.698216,5742.970977,1663.43374,2485.505295,1187.320565
105000,10618.19457,12737.2931870189,834.6223863,3773.54636,5771.707008,1671.456695,2492.766183,1191.451875
105300,10645.55389,12777.5028981306,836.4407167,3774.549458,5801.225659,1679.431305,2500.308788,1195.652493
105600,10673.71559,12818.1141488748,838.3343251,3775.72254,5831.584497,1687.270012,2508.089233,1199.930983
105900,10702.43049,12859.1490092222,840.2886016,3777.080634,5862.841091,1694.885256,2516.063644,1204.295911
106200,10731.44935,12900.629589592,842.2889361,3778.638768,5895.053005,1702.189478,2524.188145,1208.755838
106500,10760.52298,12942.5779683986,844.3207186,3780.411971,5928.277809,1709.095117,2532.41886,1213.31933
106800,10789.40214,12985.01623,846.369339,3782.41527,5962.573068,1715.514614,2540.711914,1217.994951
107100,10817.83764,13027.9664799928,848.4201875,3784.663694,5997.99635,1721.360411,2549.02343,1222.791265
107400,10845.58026,13071.4507999982,850.4586538,3787.172271,6034.605221,1726.544947,2557.309534,1227.716834
107700,10872.38079,13115.4912695075,852.470128,3789.956031,6072.457249,1730.980663,2565.526349,1232.780225
108000,10897.99,13160.11,854.44,3793.03,6111.61,1734.58,2573.63,1237.99
108300,10922.22682,13205.3149099743,856.3582053,3796.391919,6152.041376,1737.296131,2581.587586,1243.343489
108600,10945.18263,13251.0573199209,858.2328612,3799.970375,6193.410609,1739.245164,2589.410103,1248.793087
108900,10967.01696,13297.2743992236,860.0766303,3803.676665,6235.297268,1740.583939,2597.119521,1254.279951
109200,10987.88933,13343.9033,861.9021755,3807.422087,6277.280921,1741.469297,2604.737811,1259.745241
109500,11007.95926,13390.8811999853,863.7221594,3811.11794,6318.941134,1742.058078,2612.286944,1265.130117
109800,11027.38626,13438.1452497251,865.5492447,3814.675522,6359.857476,1742.507122,2619.78889,1270.375736
110100,11046.32986,13485.6326116183,867.3960942,3818.00613,6399.609513,1742.973272,2627.26562,1275.42326
110400,11064.94958,13533.2804697063,869.2753706,3821.021062,6437.776814,1743.613365,2634.739105,1280.213846
110700,11083.40493,13581.0259762833,871.1997367,3823.631618,6473.938945,1744.584245,2642.231315,1284.688654
111000,11101.85544,13628.8062899947,873.1818551,3825.749094,6507.675475,1746.04275,2649.76422,1288.788843
111300,11120.46062,13676.5585599108,875.2343887,3827.284788,6538.565971,1748.145721,2657.359792,1292.455572
111600,11139.38,13677.4623768835,877.37,3828.15,6566.19,1751.05,2665.04,1295.63
111900,11158.72696,13724.8054919903,879.5963943,3828.286531,6590.224644,1754.861406,2672.81354,1298.265899
112200,11178.43037,13771.9162662783,881.9014467,3827.758206,6610.737037,1759.481677,2680.635999,1300.367491
112500,11198.37296,13808.0606588402,884.2680745,3826.659351,6627.89183,1764.761532,2688.449692,1301.95161
112800,11218.43745,13849.9996377544,886.6791952,3825.084296,6641.85367,1770.551689,2696.19693,1303.035089
113100,11238.50659,13895.8883898582,889.1177263,3823.127368,6652.787208,1776.702867,2703.820027,1303.634763
113400,11258.46311,13941.2288074173,891.5665852,3820.882895,6660.857091,1783.065783,2711.261294,1303.767466
113700,11278.18972,13985.9418074159,894.0086893,3818.445206,6666.227969,1789.491155,2718.463045,1303.450032
114000,11297.56918,14029.9483265698,896.4269562,3815.908629,6669.064492,1795.829702,2725.367592,1302.699296
114300,11316.4842,14073.1693019416,898.8043033,3813.367492,6669.531307,1801.932142,2731.917249,1301.53209
114600,11334.81752,14115.5256702218,901.1236479,3810.916122,6667.793064,1807.649192,2738.054327,1299.965249
114900,11352.45188,14156.9383490912,903.3679077,3808.648849,6664.014412,1812.831573,2743.72114,1298.015608
115200,11369.27,14197.328284741,905.52,3806.66,6658.36,1817.33,2748.86,1295.7
115500,11385.16722,14236.6006157155,907.5645043,3805.015919,6650.983395,1821.025312,2753.424807,1293.037514
115800,11400.08927,14274.5973451298,909.4926483,3803.671015,6641.993834,1823.918822,2757.415808,1290.056253
116100,11413.99449,14311.1446975746,911.2973217,3802.551712,6631.489475,1826.041963,2760.844837,1286.786578
116400,11426.84122,14346.0688563464,912.9714141,3801.584433,6619.568472,1827.426168,2763.723728,1283.258846
116700,11438.5878,14379.1960694217,914.5078152,3800.695604,6606.328982,1828.102868,2766.064316,1279.503417
117000,11449.19257,14400.9299087012,915.8994146,3799.811647,6591.86916,1828.103497,2767.878434,1275.550648
117300,11458.61386,14429.9227669814,917.1391022,3798.858989,6576.287163,1827.459488,2769.177917,1271.430899
117600,11466.81001,14456.5989699291,918.2197675,3797.764051,6559.681146,1826.202272,2769.974599,1267.174528
117900,11473.73936,14480.784637274,919.1343003,3796.453259,6542.149265,1824.363283,2770.280315,1262.811894
118200,11479.36025,14502.3061700788,919.8755902,3794.853038,6523.789677,1821.973953,2770.106897,1258.373355
118500,11483.63102,14520.9898553309,920.4365268,3792.88981,6504.700536,1819.065714,2769.466181,1253.889271
118800,11486.51,14536.6619424758,920.81,3790.49,6484.98,1815.67,2768.37,1249.39
119100,11487.97828,14549.1639200458,920.9900212,3787.605364,6464.718131,1811.808474,2766.839756,1244.900661
119400,11488.10793,14558.3960204546,920.9750896,3784.288983,6443.972625,1807.463728,2764.935122,1240.425411
119700,11486.99377,14564.2740081573,920.7648263,3780.61927,6422.793083,1802.608583,2762.725337,1235.963171
120000,11484.73062,14566.7131743484,920.3588523,3776.674638,6401.229109,1797.215861,2760.27964,1231.512859
120300,11481.4133,14565.6290128335,919.7567886,3772.533498,6379.330303,1791.258386,2757.667271,1227.073393
120600,11477.13662,14560.937233143,918.9582562,3768.274265,6357.146269,1784.708978,2754.95747,1222.643692
120900,11471.99541,14562.074829834,917.9628764,3763.97535,6334.726609,1777.54046,2752.219476,1218.222675
121200,11466.08449,14549.9057861261,916.77027,3759.715167,6312.120925,1769.725654,2749.522528,1213.80926
121500,11459.49866,14533.8728143406,915.3800581,3755.572127,6289.37882,1761.237384,2746.935868,1209.402367
121800,11452.33276,14513.8913581381,913.7918618,3751.624644,6266.549896,1752.048469,2744.528733,1205.000913
122100,11444.6816,14489.8768180026,912.005302,3747.951131,6243.683755,1742.131734,2742.370364,1200.603818
122400,11436.64,14461.7445191516,910.02,3744.63,6220.83,1731.46,2740.53,1196.21
122700,11428.27344,14429.4391151527,907.8389294,3741.714754,6198.033808,1720.039349,2739.060259,1191.817987
123000,11419.53003,14393.0204716704,905.4784747,3739.159255,6175.322656,1708.008905,2737.947268,1187.42474
123300,11410.32855,14352.5777741857,902.9583732,3736.892457,6152.719598,1695.541049,2737.160535,1183.026831
123600,11400.58777,14308.2001104864,900.2983621,3734.843312,6130.247687,1682.808164,2736.669565,1178.620829
123900,11390.22647,14259.9765882691,897.5181788,3732.940773,6107.929974,1669.982635,2736.443864,1174.203307
124200,11379.16343,14212.5448091717,894.6375604,3731.113793,6085.789514,1657.236842,2736.452938,1169.770834
124500,11367.31743,14156.8790286559,891.6762442,3729.291324,6063.849358,1644.743169,2736.666293,1165.319982
124800,11354.60723,14108.5118674604,888.6539675,3727.40232,6042.13256,1632.673999,2737.053435,1160.84732
125100,11340.95161,14045.7273500142,885.5904674,3725.375732,6020.662172,1621.201714,2737.583871,1156.349421
125400,11326.26935,14003.2683043764,882.5054813,3723.140515,5999.461248,1610.498698,2738.227107,1151.822854
125700,11310.47922,13957.587767717,879.4187464,3720.62562,5978.55284,1600.737332,2738.952648,1147.26419
126000,11293.5,13884.609997892,876.35,3717.76,5957.96,1592.09,2739.73,1142.67
126300,11275.30473,13808.5570085276,873.3137058,3714.495922,5937.703738,1584.668857,2740.539139,1138.039928
126600,11256.08354,13729.879154748,870.303234,3710.878903,5917.796889,1578.345144,2741.401915,1133.385907
126900,11236.0808,13649.0990217121,867.3066811,3706.977776,5898.250243,1572.929878,2742.350648,1128.722944
127200,11215.54089,13566.7388599999,864.3121437,3702.861373,5879.074589,1568.234073,2743.417656,1124.066046
127500,11194.70821,13483.3211599982,861.3077186,3698.598525,5860.28072,1564.068744,2744.635261,1119.430219
127800,11173.82714,13399.3683399858,858.2815022,3694.258064,5841.879426,1560.244905,2746.03578,1114.830471
128100,11153.14206,13315.4028397315,855.2215913,3689.908821,5823.881497,1556.573571,2747.651533,1110.281808
128400,11132.89735,13231.9470588215,852.1160825,3685.619629,5806.297723,1552.865757,2749.514841,1105.799236
128700,11113.33741,13149.5234890912,848.9530723,3681.459319,5789.138897,1548.932479,2751.658022,1101.397763
129000,11094.70661,13068.6544891815,845.7206574,3677.496723,5772.415807,1544.58475,2754.113396,1097.092395
129300,11077.24935,12989.862519984,842.4069344,3673.800673,5756.139244,1539.633585,2756.913282,1092.898138
129600,11061.21,12913.6699999994,839,3670.44,5740.32,1533.89,2760.09,1088.83
129900,11046.75529,12840.47513,835.4920112,3667.466403,5724.965793,1527.224223,2763.664893,1084.898773
130200,11033.74133,12770.1791693993,831.8913672,3664.863049,5710.072056,1519.743342,2767.615395,1081.098393
130500,11021.94655,12702.5591799162,828.2105276,3662.595968,5695.63115,1511.613656,2771.907968,1077.418582
130800,11011.14941,12637.392203683,824.4619519,3660.631196,5681.635437,1503.001468,2776.509069,1073.849062
131100,11001.12833,12574.45528,820.6580997,3658.934763,5668.077277,1494.073079,2781.385157,1070.379554
131400,10991.66177,12513.5254499975,816.8114307,3657.472703,5654.949032,1484.994789,2786.502693,1066.999781
131700,10982.52816,12454.3797699364,812.9344044,3656.211048,5642.243063,1475.9329,2791.828134,1063.699465
132000,10973.50596,12396.7952699988,809.0394805,3655.115832,5629.951731,1467.053712,2797.327941,1060.468327
132300,10964.3736,12340.5489999338,805.1391185,3654.153086,5618.067398,1458.523527,2802.968572,1057.29609
132600,10954.90952,12285.417999995,801.245778,3653.288843,5606.582424,1450.508646,2808.716486,1054.172475
132900,10944.89218,12231.179319996,797.3719186,3652.489137,5595.489171,1443.17537,2814.538142,1051.087205
133200,10934.1,12177.6099999999,793.53,3651.72,5584.78,1436.69,2820.4,1048.03
133500,10922.37859,12124.5466399998,789.7314958,3650.954478,5574.458037,1431.171936,2826.273947,1044.993499
133800,10909.84211,12072.064039995,785.983936,3650.193671,5564.56947,1426.55297,2832.153587,1041.982003
134100,10896.67189,12020.2965799998,782.2938649,3649.445693,5555.17125,1422.717996,2838.03795,1039.002729
134400,10883.04926,11969.37861,778.6678266,3648.718659,5546.32033,1419.551905,2843.926069,1036.062893
134700,10869.15554,11919.4444899958,775.1123652,3648.020682,5538.073661,1416.939589,2849.816974,1033.169712
135000,10855.17204,11870.6285899832,771.634025,3647.359875,5530.488196,1414.765939,2855.709698,1030.330404
135300,10841.2801,11823.0652599059,768.23935,3646.744353,5523.620886,1412.915849,2861.603272,1027.552183
135600,10827.66104,11776.8888799961,764.9348845,3646.18223,5517.528685,1411.27421,2867.496728,1024.842269
135900,10814.49617,11732.2337999794,761.7271726,3645.681619,5512.268543,1409.725913,2873.389097,1022.207876
136200,10801.96683,11689.2343898497,758.6227584,3645.250635,5507.897414,1408.155851,2879.279411,1019.656223
136500,10790.25433,11648.0249997869,755.6281862,3644.89739,5504.472249,1406.448916,2885.166702,1017.194525
136800,10779.54,11608.7399999633,752.75,3644.63,5502.05,1404.49,2891.05,1014.83
137100,10769.96393,11571.4866199409,749.9941469,3644.453591,5500.669911,1402.193474,2896.923265,1012.570656
137400,10761.50125,11536.2635397419,747.364185,3644.361342,5500.300388,1399.591629,2902.760165,1010.427668
137700,10754.08587,11503.0423093521,744.8630753,3644.343445,5500.892131,1396.746234,2908.529295,1008.413002
138000,10747.65169,11471.7944686723,742.4937789,3644.390094,5502.395837,1393.71906,2914.19925,1006.538625
138300,10742.13262,11442.4915877226,740.2592566,3644.491481,5504.762206,1390.571877,2919.738624,1004.816503
138600,10737.46256,11415.1051975401,738.1624694,3644.637797,5507.941935,1387.366454,2925.116014,1003.258604
138900,10733.57541,11389.606846949,736.2063784,3644.819236,5511.885724,1384.164561,2930.300015,1001.876894
139200,10730.40508,11365.9681,734.3939445,3645.025989,5516.54427,1381.027968,2935.25922,1000.683338
139500,10727.88547,11344.16049,732.7281288,3645.24825,5521.868272,1378.018446,2939.962227,999.6899046
139800,10725.95049,11324.15557,731.2118921,3645.476211,5527.808429,1375.197764,2944.377629,998.9085593
140100,10724.53403,11305.9248899566,729.8481955,3645.700063,5534.315439,1372.627692,2948.474021,998.351269
140400,10723.57,11289.4399999489,728.64,3645.91,5541.34,1370.37,2952.22,998.03
140700,10722.99363,11274.6823794292,727.5880683,3646.097531,5548.835984,1368.476917,2955.584329,997.9492478
141000,10722.74544,11261.6732355149,726.6843702,3646.259434,5556.76995,1366.962505,2958.536447,998.0836229
141300,10722.76728,11250.4437173598,725.9186775,3646.393806,5565.111634,1365.831285,2961.045964,998.4002643
141600,10723.001,11241.0249794684,725.2807617,3646.498742,5573.830766,1365.08778,2963.082489,998.8663115
141900,10723.38844,11233.4481404796,724.7603944,3646.572337,5582.897082,1364.73651,2964.615629,999.4489036
142200,10723.87146,11227.7443699999,724.3473474,3646.612687,5592.280313,1364.781996,2965.614995,1000.11518
142500,10724.39189,11223.9447999997,724.0313921,3646.617887,5601.950194,1365.228761,2966.050194,1000.832279
142800,10724.89159,11222.0805699988,723.8023003,3646.586035,5611.876458,1366.081325,2965.890835,1001.567341
143100,10725.3124,11222.1828299993,723.6498435,3646.515224,5622.028837,1367.344209,2965.106528,1002.287505
143400,10725.59618,11224.2827299937,723.5637935,3646.403551,5632.377064,1369.021936,2963.66688,1002.95991
143700,10725.68476,11228.4113991229,723.5339218,3646.249111,5642.890875,1371.119025,2961.541501,1003.551695
144000,10725.52,11234.5999999725,723.55,3646.05,5653.54,1373.64,2958.7,1004.03
144300,10725.11261,11242.8781799999,723.6073473,3645.807935,5664.302926,1376.58162,2955.138367,1004.373458
144600,10724.74874,11253.2696590464,723.7234729,3645.539115,5675.193144,1379.909603,2950.95812,1004.606684
144900,10724.78343,11265.7966998882,723.9214334,3645.263361,5686.232898,1383.581906,2946.28716,1004.765785
145200,10725.57171,11280.481539997,724.2242855,3645.000495,5697.444431,1387.556488,2941.253388,1004.88687
145500,10727.46859,11297.3464099999,724.6550858,3644.770336,5708.849988,1391.791304,2935.984703,1005.006048
145800,10730.8291,11316.4135599942,725.2368911,3644.592707,5720.471811,1396.244312,2930.609007,1005.159427
146100,10736.00828,11337.7052399984,725.992758,3644.487426,5732.332145,1400.87347,2925.254199,1005.383116
146400,10743.36115,11361.2436799999,726.9457432,3644.474317,5744.453233,1405.636734,2920.04818,1005.713222
146700,10753.24272,11387.05114,728.1189033,3644.573199,5756.857319,1410.492061,2915.11885,1006.185856
147000,10766.00804,11415.14985,729.535295,3644.803892,5769.566647,1415.39741,2910.59411,1006.837124
147300,10782.01212,11445.5620391957,731.217975,3645.186219,5782.603459,1420.310737,2906.60186,1007.703136
147600,10801.61,11478.3099912708,733.19,3645.74,5795.99,1425.19,2903.27,1008.82
147900,10825.00355,11513.3499803288,735.464701,3646.48363,5809.72027,1429.998994,2900.698576,1010.213204
148200,10851.78205,11550.3745643416,738.0165067,3647.429801,5823.675298,1434.724871,2898.876211,1011.865754
148500,10881.38164,11589.0104,740.8101202,3648.58978,5837.707869,1439.36062,2897.763676,1013.750034
148800,10913.23847,11628.88406,743.8102446,3649.974835,5851.670768,1443.899233,2897.321737,1015.838431
149100,10946.78867,11669.6221799999,746.9815829,3651.596232,5865.41678,1448.333698,2897.511165,1018.103328
149400,10981.46837,11710.8513799996,750.2888382,3653.465237,5878.798691,1452.657006,2898.292728,1020.517113
149700,11016.71372,11752.1982799986,753.6967136,3655.593118,5891.669286,1456.862147,2899.627195,1023.052168
150000,11051.96086,11793.289499998,757.1699122,3657.991142,5903.88135,1460.942111,2901.475335,1025.680881
150300,11086.64592,11833.751669999,760.6731371,3660.670576,5915.287668,1464.889889,2903.797916,1028.375635
150600,11120.20503,11873.2113899999,764.1710913,3663.642685,5925.741025,1468.698469,2906.555708,1031.108816
150900,11152.07435,11911.2953,767.6284779,3666.918738,5935.094208,1472.360843,2909.70948,1033.852809
151200,11181.69,11947.6299964764,771.01,3670.51,5943.2,1475.87,2913.22,1036.58
151500,11208.60107,11981.9136583522,774.2858394,3674.413264,5949.9502,1479.21943,2917.035524,1039.265051
151800,11232.80844,12014.1305593008,777.4480928,3678.567423,5955.392653,1482.404618,2921.054256,1041.891737
152100,11254.42594,12044.3365386543,780.4943358,3682.896893,5959.614219,1485.42155,2925.161887,1044.44611
152400,11273.56738,12072.5874072222,783.4221436,3687.326091,5962.701755,1488.266212,2929.244108,1046.914222
152700,11290.34659,12098.9390199565,786.2290919,3691.779436,5964.742121,1490.934588,2933.186609,1049.282126
153000,11304.8774,12123.4471699814,788.9127561,3696.181345,5965.822173,1493.422664,2936.875082,1051.535873
153300,11317.27364,12146.1677099884,791.4707116,3700.456234,5966.028772,1495.726426,2940.195217,1053.661516
153600,11327.64912,12167.1564499999,793.9005338,3704.528521,5965.448775,1497.841858,2943.032704,1055.645107
153900,11336.11767,12186.4692191889,796.1997984,3708.322624,5964.169041,1499.764946,2945.273235,1057.472699
154200,11342.79312,12204.1618492608,798.3660806,3711.76296,5962.276428,1501.491676,2946.802501,1059.130344
154500,11347.78929,12220.2901699927,800.396956,3714.773946,5959.857795,1503.018032,2947.506193,1060.604093
154800,11351.22,12234.9099999972,802.29,3717.28,5957,1504.34,2947.27,1061.88
155100,11353.20569,12248.0977973064,804.0449796,3719.232069,5953.780261,1505.459659,2946.022122,1062.949728
155400,11353.89321,12260.0126099998,805.6704275,3720.687221,5950.237236,1506.403463,2943.860791,1063.827391
155700,11353.43602,12270.8340482362,807.177068,3721.729055,5946.399942,1507.203961,2940.926743,1064.532714
156000,11351.98757,12280.7418399995,808.5756253,3722.44117,5942.297396,1507.893698,2937.360719,1065.085422
156300,11349.70133,12289.91557,809.8768237,3722.907163,5937.958615,1508.505225,2933.303456,1065.505241
156600,11346.73076,12298.53493,811.0913875,3723.210634,5933.412616,1509.071087,2928.895694,1065.811896
156900,11343.22931,12306.7795615369,812.2300408,3723.435181,5928.688415,1509.623834,2924.278172,1066.025113
157200,11339.35044,12314.8291599968,813.303508,3723.664402,5923.815032,1510.196012,2919.591627,1066.164615
157500,11335.24762,12322.8633299997,814.3225132,3723.981896,5918.821481,1510.82017,2914.976798,1066.25013
157800,11331.0743,12331.0617599924,815.2977808,3724.471261,5913.736781,1511.528856,2910.574425,1066.301383
158100,11326.98394,12339.6040999997,816.240035,3725.216096,5908.589948,1512.354616,2906.525246,1066.338097
158400,11323.13,12348.6699999957,817.16,3726.3,5903.41,1513.33,2902.97,1066.38
158700,11319.60753,12358.3289799047,818.0631775,3727.779838,5898.205618,1514.473288,2900.00815,1066.440249
159000,11316.27793,12368.2099596982,818.9341787,3729.605545,5892.904141,1515.745695,2897.574062,1066.505736
159300,11312.94422,12377.8317094702,819.7523924,3731.700324,5887.412574,1517.09417,2895.560827,1066.556784
159600,11309.40937,12386.7130099547,820.497207,3733.987378,5881.63792,1518.465661,2893.861534,1066.573718
159900,11305.4764,12394.3726299999,821.1480114,3736.389908,5875.487182,1519.807117,2892.369275,1066.536863
160200,11300.94831,12400.3293399998,821.6841941,3738.831119,5868.867365,1521.065486,2890.97714,1066.426542
160500,11295.62809,12404.10193,822.0851438,3741.234212,5861.685471,1522.187718,2889.578219,1066.22308
160800,11289.31873,12405.20915,822.3302491,3743.522389,5853.848506,1523.120759,2888.065604,1065.906801
161100,11281.82325,12403.169799107,822.3988988,3745.618854,5845.263473,1523.81156,2886.332383,1065.458029
161400,11272.94463,12397.5026299976,822.2704814,3747.446809,5835.837375,1524.207068,2884.271649,1064.857089
161700,11262.48588,12387.72645,821.9243856,3748.929457,5825.477216,1524.254232,2881.776491,1064.084304
162000,11250.25,12373.3599999972,821.34,3749.99,5814.09,1523.9,2878.74,1063.12
162300,11236.07003,12354.0648805684,820.5033,3750.569529,5801.591155,1523.103793,2875.068546,1061.948124
162600,11219.89918,12330.07403,819.4266076,3750.680692,5787.929809,1521.874914,2870.721617,1060.56712
162900,11201.72071,12301.7631499999,818.1288313,3750.354024,5773.063511,1520.235141,2865.67198,1058.979056
163200,11181.5179,12269.5079799994,816.6288799,3749.620061,5756.949814,1518.20625,2859.892403,1057.186
163500,11159.27399,12233.6842599999,814.9456619,3748.509338,5739.546269,1515.810016,2853.355652,1055.19002
163800,11134.97225,12194.6676875686,813.0980861,3747.052391,5720.810426,1513.068217,2846.034495,1052.993185
164100,11108.59595,12152.83405,811.1050611,3745.279755,5700.699838,1510.002627,2837.9017,1050.597561
164400,11080.12833,12108.55904,808.9854955,3743.221967,5679.172055,1506.635024,2828.930033,1048.005217
164700,11049.55267,12062.2184,806.7582979,3740.909562,5656.184628,1502.987184,2819.092263,1045.218221
165000,11016.85222,12014.1878599992,804.442377,3738.373075,5631.695109,1499.080882,2808.361155,1042.238641
165300,10982.01024,11964.8431499999,802.0566415,3735.643043,5605.66105,1494.937896,2796.709479,1039.068545
165600,10945.01,11914.559999831,799.62,3732.75,5578.04,1490.58,2784.11,1035.71
165900,10905.92062,11863.6659298314,797.1496005,3729.718514,5548.839251,1486.028799,2770.559182,1032.167534
166200,10865.15471,11812.29562,794.6555484,3726.549279,5518.265049,1481.305204,2756.148266,1028.455508
166500,10823.21074,11760.53553,792.1461887,3723.237017,5486.573381,1476.429952,2740.99219,1024.590743
166800,10780.58718,11708.4720999999,789.629866,3719.776453,5454.020231,1471.423783,2725.205892,1020.590059
167100,10737.7825,11656.19181,787.1149253,3716.162313,5420.861585,1466.307435,2708.90431,1016.470278
167400,10695.29518,11603.7810999999,784.6097114,3712.389319,5387.35343,1461.101646,2692.202379,1012.248219
167700,10653.62367,11551.3264468148,782.122569,3708.452196,5353.751751,1455.827155,2675.215039,1007.940704
168000,10613.26646,11498.9142999999,779.6618431,3704.345669,5320.312534,1450.504699,2658.057227,1003.564552
168300,10574.72202,11446.6311299988,777.2358784,3700.064461,5287.291765,1445.155017,2640.843879,999.1365857
168600,10538.48881,11394.5633713587,774.8530197,3695.603298,5254.945429,1439.798848,2623.689934,994.6736244
168900,10505.06532,11342.7975199922,772.521612,3690.956903,5223.529512,1434.456929,2606.710328,990.1924889
169200,10474.95,11291.4199999703,770.25,3686.12,5193.3,1429.15,2590.02,985.71
169500,10448.49105,11240.5373599972,768.0465735,3681.098873,5164.460978,1423.897111,2573.714496,981.2436164
169800,10425.43548,11190.3363807368,765.9199024,3675.946036,5137.008929,1418.710568,2557.811801,976.8133494
170100,10405.38006,11141.023955134,763.8786016,3670.725565,5110.888435,1413.600987,2542.310509,972.4398488
170400,10387.92152,11092.8069499687,761.9312857,3665.501533,5086.044078,1408.578987,2527.209213,968.1437639
170700,10372.6566,11045.89222,760.0865697,3660.338015,5062.42044,1403.655185,2512.506508,963.9457443
171000,10359.18204,11000.4866318629,758.3530685,3655.299084,5039.962103,1398.840198,2498.200987,959.8664397
171300,10347.0946,10956.797079964,756.7393967,3650.448816,5018.613649,1394.144645,2484.291245,955.9264996
171600,10335.991,10915.0304097826,755.2541693,3645.851284,4998.31966,1389.579144,2470.775875,952.1465734
171900,10325.468,10875.3934996967,753.9060011,3641.570562,4979.024719,1385.15431,2457.653472,948.5473108
172200,10315.12234,10838.0932096349,752.703507,3637.670724,4960.673407,1380.880764,2444.922629,945.1493614
172500,10304.55076,10803.3364194738,751.6553016,3634.215846,4943.210307,1376.769121,2432.58194,941.9733746
