3600,13049.74472,11160.42956,1285.39472,870.3315,5820.82393,1109.16256,3424.19857,2124.72388
7200,12518.02819,10806.70765,1263.61388,838.42334,5565.56015,1067.76755,3292.13658,2080.78343
10800,12108.24455,10644.8047,1236.27545,815.71522,5427.95249,1036.40354,3195.89765,2058.31328
14400,12108.6393,10696.71593,1189.31478,802.15769,5430.618,1021.27912,3152.72143,2050.41293
18000,12518.18232,11062.66044,1272.56215,811.4816,5690.02781,1036.39709,3188.68833,2053.05399
21600,13065.0024,11477.74797,1318.70087,835.09904,6129.6113,1074.3067,3291.57987,2088.09792
25200,13422.74444,11797.73306,1350.51147,850.75342,6396.51858,1101.21509,3334.52031,2101.74899
28800,14113.43893,12684.9691,1445.56825,905.44097,6778.35864,1165.69695,3587.48959,2139.72273
32400,15163.26032,13882.8034,1546.35659,961.34631,7312.43535,1244.65881,3942.50643,2236.80527
36000,16615.85323,15069.74458,1646.01664,1022.80398,7850.61796,1306.43587,4295.93686,2340.313
39600,17808.46183,16005.1115,1757.85368,1077.26448,8303.64775,1432.51022,4604.72126,2428.07156
43200,18650.18072,16838.22229,1864.03088,1133.88674,8742.09605,1512.7958,4860.69877,2502.42395
46800,19582.57488,17537.5198,2002.75217,1191.70418,9226.68846,1575.05279,5054.4772,2571.45747
50400,20571.67616,17903.27853,2043.67871,1242.05578,9720.39606,1623.16807,5171.29172,2631.1591
54000,21316.17422,18023.36383,2080.07837,1279.55461,10160.78758,1664.29039,5171.34392,2665.85045
57600,21776.77489,17747.88399,2086.954,1294.24807,10507.3618,1680.92523,5146.04666,2690.26214
61200,21653.56943,17354.28227,2075.53918,1287.91237,10619.06851,1679.74526,5070.29756,2678.39141
64800,21073.5762,16519.60627,2032.57118,1258.76616,10425.59942,1649.72563,4875.51321,2651.40477
68400,20180.67415,15765.92729,1969.40782,1208.13802,9956.30886,1598.77274,4643.33127,2598.89697
72000,19235.1275,15358.87643,1874.93969,1161.50511,9470.08895,1528.97821,4528.64399,2523.73251
75600,18513.27221,14936.11565,1816.74415,1123.85499,9076.62316,1481.69957,4435.82251,2487.02223
79200,17220.39419,14158.22806,1696.23891,1060.55944,8455.1186,1392.40848,4197.38901,2414.22858
82800,15864.5759,13323.9434,1535.51777,980.98381,7765.92282,1293.89225,3921.548,2320.9356
86400,14712.65335,12508.3963,1416.92094,924.92884,7200.68637,1208.98767,3668.94452,2199.35031
90000,13815.88667,11821.73767,1340.52725,875.15798,6712.06354,1143.83207,3456.2932,2136.90534
93600,13154.99686,11293.99357,1350.20665,843.41541,6319.76724,1098.20588,3280.68171,2098.52531
97200,12757.27755,10934.42213,1255.09062,826.76566,6021.51755,1067.685,3154.12367,2072.89603
100800,12452.95292,10745.99095,1310.33448,801.77455,5854.76682,1044.13084,3073.49198,2051.96124
104400,12437.33242,10739.45107,1341.69081,799.41221,5854.27657,1040.57352,3055.13968,2044.55707
108000,12546.42681,10763.00099,1350.82529,801.92148,5944.65253,1042.55393,3064.80749,2049.21227
111600,12783.35367,10980.71291,1375.90382,805.38651,6063.68918,1049.83248,3054.37035,2043.37416
115200,13949.5455,12045.66599,1503.36663,863.62484,6548.51052,1122.60367,3348.84729,2098.74257
118800,15560.70995,13377.62816,1658.61439,945.60823,7181.60046,1218.74162,3723.88685,2187.61149
122400,17173.07313,14636.34278,1808.49877,1027.27541,7899.61427,1319.65012,4076.13889,2288.27159
126000,18690.7457,15615.24152,1905.16972,1102.29078,8534.88955,1418.07173,4406.91472,2376.18664
129600,19927.18206,16390.48697,2013.81511,1170.81167,9080.59182,1507.83476,4658.74445,2449.62015
133200,20861.60239,17021.51932,2118.21574,1218.3443,9558.75634,1587.24412,4868.02166,2513.3324
136800,21575.48925,17549.22822,2194.41437,1247.961,9946.14642,1646.60868,5013.47584,2560.56403
140400,22002.37335,17826.67283,2240.09348,1277.7599,10255.25096,1690.53731,5079.17392,2610.09003
144000,22187.19967,17543.90058,2203.82744,1289.33453,10421.05612,1715.30292,5110.03105,2626.23092
147600,22078.02539,16615.37301,2204.90159,1286.35012,10465.98273,1713.82118,5052.63069,2626.50633
151200,21625.0117,15881.77699,2157.26105,1257.25453,10332.60353,1685.32881,4918.00177,2606.56346
154800,20711.85416,15380.63995,2072.32744,1209.51497,10018.59594,1624.80235,4709.54902,2563.88194
158400,19737.87097,15122.3429,1972.17649,1148.81105,9592.65952,1549.56439,4591.60456,2495.97952
162000,18996.65503,14804.42691,1860.89938,1110.42796,9241.93907,1502.64622,4496.40271,2461.82771
165600,17688.66301,14072.96163,1738.25605,1052.92924,8672.53516,1410.06989,4262.88123,2388.79116
169200,16385.6917,13239.4649,1612.45335,980.08824,8025.04143,1315.27259,4009.0161,2294.4434
172800,15201.07841,12412.4346,1526.15206,919.72784,7375.99317,1233.87081,3765.32685,2219.41338
176400,14286.31995,11789.45721,1439.61452,877.34423,6868.56459,1177.2652,3569.88274,2164.97813
180000,13566.50145,11304.78592,1361.73211,843.37334,6449.42799,1130.011,3412.44621,2120.31897
183600,13042.085,10992.11767,1331.44004,820.99625,6166.83159,1093.58245,3282.6325,2081.19807
187200,12705.88186,10810.04972,1311.46049,802.45113,6039.40277,1070.02895,3192.94499,2062.38369
190800,12553.21646,10771.9106,1315.76054,796.74132,6014.64858,1064.02511,3155.11609,2057.57793
194400,12461.64674,10749.76585,1307.41659,799.32598,6044.63693,1062.70562,3138.34043,2049.70176
198000,12632.39284,10789.89872,1323.13467,815.76152,6065.46616,1072.31341,3088.81193,2041.47888
201600,13837.66314,11721.20135,1423.56861,875.55413,6536.23275,1148.70654,3313.27501,2102.50668
205200,15323.80551,12918.9673,1583.62728,957.97729,7240.43883,1236.2593,3668.92398,2203.0489
208800,16770.58773,14001.50053,1734.83826,1035.35813,7940.12461,1316.5003,3978.35662,2293.50426
212400,18185.53781,14968.47328,1867.86128,1106.25056,8576.38557,1401.38746,4270.31316,2382.95647
216000,19497.6978,15669.35814,1992.52797,1172.0892,9129.74689,1485.81922,4541.71781,2471.9176
219600,20544.38328,16209.74202,2097.79241,1228.57696,9575.52176,1557.33194,4777.23221,2539.04421
223200,21364.60437,16474.0339,2154.16197,1266.70291,9960.36466,1621.37188,4948.06388,2592.0154
226800,21938.0055,16497.09566,2188.38311,1292.11532,10286.84943,1665.47037,5060.33398,2637.53157
230400,22279.16895,16312.02069,2216.31987,1308.93596,10550.87279,1688.69663,5110.34684,2657.52921
234000,22365.04007,16256.68921,2210.44188,1310.87135,10711.55696,1696.24897,5074.45608,2657.44249
237600,22007.79023,16257.15377,2184.83429,1293.03828,10601.95844,1682.55191,4956.5435,2619.25767
241200,21211.50556,15877.13142,2083.05687,1252.08754,10247.91632,1634.27238,4754.97478,2550.47404
244800,20333.13697,15468.56142,1975.5117,1198.97616,9882.49896,1560.44458,4634.30796,2489.81307
248400,19666.09995,15022.11366,1951.86567,1164.40159,9577.04764,1513.23183,4552.85655,2459.99773
252000,18221.05031,14097.33031,1851.00448,1098.60041,8879.62134,1416.04378,4310.5649,2373.98572
255600,16711.6536,13109.6002,1724.50851,1014.46451,8023.38605,1311.25233,4014.3024,2274.748
259200,15394.10605,12250.03486,1581.51504,950.21027,7312.17836,1257.05334,3725.01473,2186.92998
262800,14498.6293,11651.47169,1475.5848,909.86947,6773.2512,1195.35872,3509.56509,2135.87674
266400,13857.92737,11258.14955,1382.93072,875.94644,6380.90447,1149.74865,3352.77261,2101.4695
270000,13414.34509,11038.88471,1385.49993,854.45656,6143.51502,1115.13756,3241.18179,2075.44423
273600,13328.11218,11067.5202,1393.99561,842.87123,6036.50706,1093.91336,3186.18055,2063.33894
277200,13627.18884,11389.06938,1424.43707,857.603,6206.28592,1101.38824,3211.36751,2066.34309
280800,14100.46574,11748.99031,1496.78904,879.76407,6500.88592,1134.13446,3312.05323,2092.65174
284400,14392.30549,12025.66867,1543.87884,896.755,6653.22865,1157.70056,3345.05065,2102.37762
288000,15262.67519,12942.44894,1637.5329,960.88875,7003.48258,1229.28224,3598.64332,2182.58208
291600,16543.49475,14126.60629,1782.57555,1034.91637,7584.17708,1314.56231,3960.25101,2275.99833
295200,17996.78235,15303.67674,1915.8019,1112.44038,8280.83786,1403.01553,4318.48702,2380.51873
298800,19372.77701,16345.71496,2038.43427,1187.34764,8956.12114,1498.21713,4645.26026,2477.21993
302400,20642.97227,17244.62157,2153.35219,1253.81764,9546.59623,1580.15781,4931.75182,2559.91238
306000,21774.42184,18003.47994,2236.66191,1317.30862,10071.97767,1658.1125,5164.31128,2638.76762
309600,22709.60984,18544.56428,2319.29771,1360.99181,10512.5016,1720.56927,5344.34071,2702.21962
313200,23340.1854,18823.06184,2362.83285,1389.57456,10820.25963,1770.33897,5444.15856,2750.8364
316800,23630.40613,18812.67103,2370.85635,1394.25472,11040.3971,1797.7162,5449.03027,2773.47431
320400,23551.41912,18624.94146,2344.20203,1379.65642,11095.36728,1787.04105,5342.15569,2745.79668
324000,22954.56628,18189.89601,2298.76607,1352.13019,10954.41999,1759.48395,5165.90479,2715.03307
327600,21918.0934,17519.05829,2207.78597,1299.18526,10517.55374,1691.5035,4939.39913,2664.03003
331200,20787.99965,17066.01595,2109.06208,1237.8292,9990.94305,1599.60727,4812.64673,2577.73649
334800,19869.65273,16475.33299,2032.1342,1183.95442,9605.33325,1541.87549,4712.92533,2530.58647
338400,18255.58647,15345.39403,1881.7462,1100.71767,8890.21728,1432.9311,4417.67315,2423.64941
342000,16472.0159,14214.1361,1727.82749,1015.22903,8050.99704,1316.35714,4070.9124,2311.433
345600,15118.30827,13137.32258,1592.86982,943.7607,7334.6476,1239.65776,3751.84731,2263.56743
349200,14142.91781,12390.5766,1445.34435,897.46466,6775.56877,1179.82086,3530.63622,2207.89023
352800,13476.48704,11861.20292,1377.79028,862.97814,6372.40581,1135.70782,3350.21543,2167.85763
356400,12993.09291,11558.42937,1375.91886,836.07586,6156.27206,1104.16116,3219.58401,2131.11786
360000,12913.92883,11509.30036,1360.03964,817.76557,6070.26588,1084.13929,3147.90107,2111.29767
363600,13199.09108,11836.45406,1351.27294,827.87675,6261.7194,1096.01393,3188.90827,2125.40933
367200,13705.82538,12215.25617,1450.48745,853.30053,6599.67053,1134.07638,3328.0601,2160.88087
370800,14035.96104,12485.70492,1505.98349,872.66483,6757.89659,1151.7518,3379.38999,2174.07777
374400,14966.39287,13414.38465,1637.2647,925.5921,7110.20732,1210.50209,3639.0204,2247.78798
378000,16287.75867,14595.53699,1755.72868,1003.07808,7659.65031,1290.72011,3988.54022,2328.5387
381600,17657.32838,15719.60152,1923.64055,1083.94241,8295.39117,1377.76938,4345.10716,2420.15064
385200,19054.07253,16751.54775,2051.7454,1161.95626,8955.10688,1474.29006,4701.29441,2516.35422
388800,20409.84182,17567.35989,2175.57059,1235.81629,9544.66679,1567.58118,5008.03879,2608.59106
392400,21615.10121,18318.2749,2302.24263,1300.9604,10169.76066,1651.5092,5248.07685,2695.48465
396000,22652.55412,18772.40955,2369.65819,1352.49847,10580.88311,1716.71272,5438.2218,2755.91286
399600,23312.09305,18887.4675,2407.74788,1384.58857,10914.25853,1760.91719,5542.57698,2794.07796
403200,23628.50525,18945.83253,2399.22526,1388.92699,11075.60326,1791.28263,5458.78742,2797.92651
406800,23655.65668,18720.74199,2412.86224,1382.58221,11194.46754,1784.40457,5383.78377,2753.54298
410400,23323.48722,18190.08767,2327.53164,1359.15169,11106.98232,1760.24113,5257.485,2671.00315
414000,22345.47443,17610.99144,2241.27447,1305.42389,10698.34492,1700.93866,5050.65696,2554.79374
417600,21226.36767,17183.81369,2200.81677,1242.35293,10284.24274,1623.45036,4902.66326,2492.728
421200,20306.71407,16536.28653,2091.18105,1189.4901,9897.71111,1562.37595,4772.47822,2453.4686
424800,18693.33404,15472.66497,1933.8689,1099.13151,9138.04761,1448.8392,4462.38535,2345.06917
428400,16997.7548,14326.3788,1771.75081,1013.8124,8272.21332,1334.90025,4118.586,2252.58394
432000,15607.44598,13280.35975,1633.34864,935.43159,7567.90201,1262.11027,3802.52835,2184.47732
435600,14592.76013,12548.88553,1548.64463,889.35118,6998.24955,1199.23477,3559.90223,2133.11325
439200,13866.66934,12029.41216,1498.66872,854.55061,6576.57365,1151.57758,3384.01936,2100.64666
442800,13467.89517,11692.08863,1426.15442,831.52552,6299.1802,1117.23696,3256.40277,2077.26942
446400,13310.06729,11633.23607,1427.19463,815.34201,6204.40861,1099.13798,3186.58383,2058.62129
450000,13651.32978,11933.39455,1425.98666,824.05601,6358.58106,1109.69166,3210.33942,2065.41818
453600,14215.62855,12335.63968,1509.20716,857.70498,6722.58594,1148.04329,3352.08209,2105.37425
457200,14566.86184,12640.4901,1513.97157,891.96423,6884.8256,1176.8595,3396.8174,2136.36803
460800,15671.2524,13535.24743,1625.08886,953.88989,7274.96452,1241.13442,3655.67828,2215.78448
464400,17146.7939,14584.96323,1824.76118,1041.87482,7827.65076,1333.12818,3991.30463,2313.93419
468000,18807.88166,15667.6718,1991.60807,1126.80339,8463.88223,1432.35168,4348.39005,2413.18514
471600,20496.92311,16776.14574,2128.97444,1208.40123,9101.01731,1530.72914,4715.64923,2526.76406
475200,21830.55821,17725.03284,2250.43009,1289.69595,9689.25009,1619.53783,5032.62916,2612.41995
478800,22995.78894,18567.88778,2356.42192,1350.65501,10252.81396,1702.31589,5281.50736,2696.91492
482400,23812.95684,19210.09675,2393.14771,1400.80193,10740.43109,1777.27289,5460.8001,2768.8534
486000,24302.49267,19303.44808,2431.26836,1422.93534,11029.83219,1827.73238,5511.9323,2793.97813
489600,24420.23002,19210.65594,2440.07628,1425.8676,11172.21504,1849.89981,5472.49927,2798.32521
493200,24373.94399,19058.71283,2431.49663,1414.66579,11244.31577,1848.5758,5417.34482,2800.61019
496800,24035.74887,18586.03141,2383.92873,1390.87864,11227.1212,1823.74552,5300.1725,2791.88452
500400,23079.41765,18086.62159,2309.32152,1343.82956,10792.60896,1762.74687,5090.88418,2741.44376
504000,22081.19484,17595.4938,2215.91301,1281.05593,10368.27541,1680.98282,4959.66951,2642.24935
507600,21123.97309,16936.95266,2109.40559,1227.17589,9963.53121,1620.57141,4817.32842,2580.00141
511200,19453.47701,15888.63302,1920.92368,1141.01189,9234.42117,1508.58607,4520.40933,2488.69247
514800,17705.5465,14674.7027,1763.85989,1051.98099,8411.99408,1383.88219,4155.5132,2361.8411
518400,16291.74543,13449.06505,1613.91993,991.35045,7615.36251,1289.62188,3813.73592,2277.18311
522000,15271.23919,12491.07144,1557.62681,940.25009,7038.52234,1222.28678,3577.20606,2210.7818
525600,14496.16464,11901.96298,1488.02483,900.50469,6629.52904,1171.14752,3394.00691,2156.6417
529200,13942.76952,11556.39544,1440.32062,876.39454,6347.9125,1132.88001,3269.54243,2128.27119
532800,13782.20194,11491.67708,1443.36809,860.52564,6222.82896,1109.44602,3203.525,2113.52414
536400,14074.14266,11812.34774,1460.49986,869.78345,6379.62689,1115.27392,3244.84591,2121.01294
540000,14591.41525,12210.56545,1478.94783,887.27408,6731.01743,1151.03187,3371.09289,2137.5785
543600,14866.70381,12580.00533,1546.1297,911.32963,6910.07694,1174.10708,3412.57468,2153.21891
547200,15870.60886,13405.29843,1667.10378,985.46394,7308.53047,1235.93476,3672.11429,2224.33337
550800,17318.98027,14558.00174,1812.39204,1076.10289,7878.01787,1328.64376,4049.32256,2327.14342
554400,18923.80685,15777.33624,1971.38507,1168.0076,8545.59194,1430.90216,4406.27727,2439.10924
558000,20467.40843,16902.66325,2108.47407,1249.10984,9175.32941,1525.96059,4770.32047,2539.11873
561600,21773.96408,17808.42456,2267.81548,1317.34496,9770.80499,1619.41614,5077.28467,2631.46327
565200,22986.97506,18598.13789,2353.02895,1377.39961,10352.79838,1706.6279,5311.65079,2719.41768
568800,23802.88388,19102.9632,2424.72304,1415.20568,10813.47997,1775.89003,5459.92288,2778.40394
572400,24312.38931,19231.11116,2381.24247,1440.18351,11154.76146,1831.16081,5519.92649,2793.51442
576000,24439.17961,19065.39116,2369.20355,1439.19329,11195.24972,1855.63866,5482.41015,2791.4905
579600,24397.85362,18711.54743,2383.20049,1427.40832,11237.88916,1845.0563,5402.79613,2781.55848
583200,23912.81454,18286.81309,2358.05442,1403.02814,11142.16678,1815.86716,5294.40404,2781.97584
586800,22912.37734,17683.38628,2249.18636,1349.64577,10771.87693,1750.86068,5095.28432,2754.10258
590400,21918.69768,17228.34752,2202.73547,1295.52359,10377.86707,1665.11608,4962.38336,2677.97895
594000,20986.77281,16726.24355,2083.27153,1249.88208,10040.33897,1612.3395,4839.50007,2617.48522
597600,19419.89572,15678.15266,1932.14068,1157.74647,9295.84782,1502.8072,4551.64104,2513.63845
601200,17719.8461,14565.7923,1803.40713,1064.83693,8418.88736,1388.86762,4204.8354,2395.3988
604800,16234.32286,13582.47986,1651.20404,994.06704,7833.36515,1291.63239,3911.64344,2305.61817
608400,15204.52051,12828.55863,1551.36414,948.56414,7243.75462,1224.30867,3682.23173,2240.94703
612000,14444.69234,12248.74463,1495.74941,913.12974,6791.48899,1172.90666,3498.24377,2186.0943
615600,13901.70323,11937.11549,1442.46698,881.65066,6502.9072,1136.97651,3391.78829,2160.86038
619200,13817.03676,11900.50825,1387.23497,870.57645,6412.58687,1114.67471,3326.27691,2140.7557
622800,14089.39802,12173.96026,1444.44552,884.738,6541.04422,1121.46337,3336.34358,2136.18707
626400,14557.71898,12542.82529,1473.08426,913.45967,6844.30588,1155.4946,3463.04209,2176.73748
630000,14816.29946,12812.62917,1502.04849,923.33114,7018.96044,1175.24316,3502.17435,2191.24872
633600,15618.32482,13780.68719,1625.64673,974.11472,7436.861,1246.93631,3766.3522,2228.4161
637200,16918.00202,14952.36489,1778.28434,1042.0459,8027.28249,1336.87833,4113.11044,2327.81344
640800,18543.32659,16099.56841,1928.43013,1130.24221,8645.42205,1407.68168,4464.33883,2432.18816
644400,20181.40209,17030.03736,2048.38175,1221.75342,9283.26582,1533.51082,4797.86975,2527.79819
648000,21527.79125,17803.78508,2179.08268,1297.50598,9881.5239,1628.08701,5093.36272,2601.97752
651600,22711.22627,18504.6232,2338.22271,1358.23719,10426.60597,1711.24607,5335.60407,2680.25557
655200,23601.28765,18998.93966,2387.10745,1395.72521,10883.8873,1772.36635,5495.28363,2754.03722
658800,24095.28723,19210.10799,2397.66485,1416.2886,11220.09541,1822.90346,5562.53439,2769.88076
662400,24292.71004,19074.64475,2391.65111,1422.98433,11363.04231,1837.47773,5527.51643,2779.54988
666000,24142.61518,18848.90851,2386.77279,1408.16653,11432.07944,1822.37005,5432.95763,2773.34016
669600,23541.49758,18232.36315,2335.7873,1375.62954,11231.5074,1781.46664,5255.54944,2746.11262
673200,22488.2395,17550.14858,2259.91092,1323.53822,10803.60779,1720.09807,5034.21272,2697.59365
676800,21485.99938,17114.66921,2149.48081,1269.79799,10401.85111,1644.79051,4913.48993,2629.53776
680400,20555.22339,16559.56184,2059.5542,1225.56074,10027.31784,1589.62425,4797.45175,2584.19943
684000,19092.56363,15636.17878,1917.1093,1161.63227,9345.88828,1487.06033,4550.41535,2493.44136
687600,17596.3158,14702.5135,1754.79873,1078.74868,8589.37873,1384.98638,4280.3075,2388.7352
691200,16228.24033,13781.17067,1619.97555,1015.04077,7874.34898,1293.46702,3994.66538,2307.18375
694800,15179.38262,13056.9311,1525.22208,961.24629,7267.63279,1223.07678,3763.63698,2238.47994
698400,14447.91611,12481.91132,1511.75664,922.0731,6844.34062,1167.60996,3585.85722,2193.41737
702000,13977.23944,12049.50148,1394.86612,903.41293,6500.55072,1127.65387,3446.94595,2160.01153
705600,13611.67196,11762.87022,1399.27223,875.85704,6269.82716,1093.99379,3358.25818,2122.60247
709200,13495.35686,11690.44659,1411.92972,868.02341,6237.57254,1079.04086,3324.23751,2102.72944
712800,13507.77855,11656.40044,1409.85706,868.9702,6336.78904,1077.66576,3317.68972,2097.08362
716400,13704.34275,11759.79264,1426.16324,873.30429,6425.41892,1088.68863,3292.37933,2095.31419
720000,14874.1976,12796.63604,1563.7219,936.0699,6888.2489,1167.87923,3566.34347,2164.61414
723600,16616.92647,14102.40926,1730.59683,1033.09501,7540.92949,1271.10135,3945.80124,2267.41783
727200,18351.76983,15308.06429,1891.36101,1119.2951,8255.0199,1374.1088,4321.18494,2380.26097
730800,19967.95487,16393.96511,1997.45379,1194.53544,8906.416,1477.66281,4639.31162,2485.35036
734400,21178.60767,17160.96205,2101.09592,1262.82594,9522.50862,1571.9163,4915.48589,2567.78834
738000,22104.48519,17767.24359,2202.93177,1309.9974,10017.14016,1648.45968,5129.48324,2635.99006
741600,22679.75636,18144.38885,2272.86342,1341.58726,10382.52279,1704.13601,5257.88763,2677.46161
745200,23081.14093,18414.68676,2316.76561,1365.95525,10715.48717,1747.71179,5339.09926,2715.56377
748800,23352.25427,18548.2204,2304.92762,1372.87312,10929.77673,1772.04916,5366.04854,2730.31011
752400,23375.68301,18479.10493,2331.32764,1361.50589,11026.14802,1779.56281,5321.27698,2736.48351
756000,22918.08242,18072.87315,2274.02912,1336.1127,10866.74715,1752.38417,5179.46911,2722.33373
759600,21979.70051,17431.47031,2172.15844,1290.52875,10465.90858,1691.60861,4965.06961,2666.82441
763200,21030.31451,16982.70993,2076.37682,1240.04108,10058.22369,1621.99812,4846.73513,2595.35739
766800,20204.2597,16456.00563,1955.25616,1197.84809,9699.22172,1570.77267,4733.27705,2550.88713
770400,18793.0834,15580.19184,1816.49522,1134.01762,9081.38637,1467.8401,4498.83728,2464.68339
774000,17411.4484,14707.9869,1690.08534,1052.01038,8443.76176,1368.3213,4245.0113,2370.4188
777600,16133.756,13876.73151,1593.73999,984.96199,7781.10762,1289.58043,3995.55963,2293.54666
781200,15104.72048,13161.92771,1488.78236,936.8524,7226.53979,1227.67736,3777.767,2229.7687
784800,14283.35489,12592.06685,1406.84174,901.89939,6783.47534,1177.1212,3597.97102,2182.03523
788400,13665.8278,12156.03964,1367.97648,881.36342,6482.9042,1134.7091,3450.4178,2144.47105
792000,13198.91631,11820.60721,1346.82205,852.94089,6305.88055,1104.341,3344.06166,2118.31182
795600,13000.02261,11648.31649,1351.76642,839.37048,6232.08419,1091.86412,3291.19437,2104.42727
799200,12860.61947,11539.57761,1354.9606,831.5781,6219.1887,1090.6969,3263.15884,2089.62185
802800,12910.41533,11426.62899,1365.68244,841.26703,6252.49609,1098.91666,3203.98566,2077.86882
806400,14074.40308,12281.87647,1479.36752,899.26168,6721.03675,1172.647,3458.32298,2142.00991
810000,15687.10631,13551.51772,1649.25837,989.30468,7461.32488,1273.44013,3863.67052,2250.87249
813600,17397.37965,14903.53125,1814.98402,1078.32858,8222.70598,1372.62157,4216.15255,2355.81062
817200,19065.52443,16012.63102,1960.16228,1157.77389,8936.71531,1469.63033,4541.26735,2450.15534
820800,20501.05575,16922.8141,2087.92552,1230.60957,9583.30761,1561.34087,4815.99981,2543.7693
824400,21668.36022,17670.71826,2194.32497,1291.46833,10128.08587,1647.25862,5036.92525,2614.03883
828000,22498.96441,18208.58473,2266.18901,1334.10923,10581.34571,1719.43132,5201.61511,2671.92582
831600,23019.25521,18535.00943,2305.75304,1355.89757,10910.24183,1762.84883,5295.345,2719.24547
835200,23328.28375,18704.71917,2329.10148,1373.16261,11150.8953,1787.9304,5315.94268,2747.78113
838800,23444.84384,18644.0491,2326.13441,1378.10705,11291.34479,1801.79328,5277.69233,2757.05612
842400,23091.91023,18275.67539,2296.25338,1351.76173,11177.15332,1784.43601,5169.94532,2738.73144
846000,22269.46981,17657.28213,2193.76828,1302.0362,10807.43264,1734.82173,4986.36807,2697.8993
849600,21450.33681,17269.66166,2081.57936,1251.26904,10427.44059,1664.23966,4895.40648,2636.06367
853200,20623.3487,16661.39544,2032.70107,1203.60656,10066.31364,1599.94739,4782.62843,2591.70663
856800,19126.26422,15660.4009,1925.07503,1138.86683,9363.19359,1490.89749,4507.38013,2494.59458
860400,17574.8579,14589.3294,1806.56337,1048.93999,8578.33002,1377.88533,4213.1816,2385.6908
864000,16168.61191,13663.27236,1642.54255,978.13996,7839.9274,1321.4486,3919.0199,2297.87295
867600,15165.57971,12931.18136,1533.54539,930.08952,7265.31882,1258.52855,3688.65633,2241.32665
871200,14478.62548,12442.97859,1434.79406,891.28048,6854.68723,1207.39947,3523.413,2203.52415
874800,14006.83756,12149.65356,1424.25687,873.62092,6575.94775,1168.67484,3401.11218,2176.2008
878400,13881.83982,12155.66041,1423.76161,857.84291,6525.70945,1147.06592,3335.26244,2164.65893
882000,14212.17864,12483.11402,1442.33097,869.55633,6737.54872,1151.34632,3367.97409,2174.47991
885600,14815.3292,12864.71411,1522.19591,897.30002,7127.75251,1188.22481,3510.57066,2211.48657
889200,15078.57866,13048.8166,1560.045,913.82258,7233.31823,1210.70733,3555.70782,2232.92669
892800,16054.359,13902.90273,1652.6074,962.99729,7602.28369,1274.84038,3831.32665,2303.08197
896400,17473.39736,14967.2916,1819.97866,1020.67457,8196.69886,1367.7285,4207.49776,2409.38348
900000,19137.39177,16105.52367,1977.12578,1086.52605,8931.63431,1470.44484,4584.45048,2525.15062
903600,20798.92518,17108.11785,2129.79037,1162.48663,9642.22136,1582.62231,4959.98326,2624.66593
907200,22280.34383,17979.90829,2253.59057,1221.99696,10295.95011,1676.75994,5263.49043,2717.4749
910800,23446.29753,18853.06864,2351.93309,1271.32897,10854.96085,1762.55423,5516.03283,2793.59107
914400,24323.73285,19299.15308,2437.02752,1313.85908,11260.77424,1833.53811,5705.99497,2830.52225
918000,24729.60331,19437.59326,2465.02825,1338.73736,11503.93096,1875.76328,5759.75772,2855.88336
921600,24744.48311,19495.4912,2431.76392,1331.56912,11628.91473,1893.31458,5715.38181,2851.81763
925200,24561.26557,19348.7426,2365.41585,1310.82852,11733.02174,1880.74469,5604.69019,2829.12428
928800,23956.48407,18785.67836,2320.22068,1257.61302,11677.31241,1848.3317,5465.16656,2812.33223
932400,22962.62355,18330.50562,2241.25546,1190.5841,11280.01205,1770.70445,5265.14414,2766.94311
936000,22038.81647,18002.25968,2175.71805,1148.35618,10855.32092,1685.93369,5154.89335,2701.09094
939600,20837.40856,17291.23264,2092.22863,1099.17964,10389.34507,1613.24608,5007.03761,2642.28998
943200,19092.61388,16081.44598,1935.1302,1035.32802,9577.86353,1489.89044,4693.97422,2531.31961
946800,17351.4318,14931.5496,1789.55967,959.97096,8688.90164,1374.15801,4350.0026,2421.0212
950400,16121.29276,13893.0953,1657.01295,892.0206,7923.74974,1289.54587,4014.09232,2335.23627
954000,15258.93062,13196.88434,1513.33509,856.31973,7345.08737,1229.18252,3803.19668,2274.96829
957600,14612.37191,12698.90085,1450.51719,835.28928,6920.23328,1188.77796,3646.51786,2245.20521
961200,14109.05016,12364.2303,1446.7684,827.32069,6676.1897,1162.20718,3525.74603,2222.29089
964800,14008.35367,12259.06134,1438.85179,816.29132,6624.29262,1143.4932,3448.14072,2201.26405
968400,14398.3975,12588.24363,1430.869,834.48561,6833.01662,1159.90163,3504.74924,2219.62631
972000,14983.64143,12992.92131,1525.71886,877.03943,7231.58117,1203.96153,3654.40467,2253.96304
975600,15260.58787,13183.06527,1578.61403,898.30179,7356.58022,1225.5993,3678.1021,2257.39746
979200,16035.2064,14051.93783,1716.7806,932.49955,7661.48017,1271.01575,3908.31616,2307.98219
982800,17388.88688,15234.91309,1841.80924,985.97122,8252.37024,1328.42205,4238.16137,2401.83736
986400,18893.02911,16478.79861,2027.2165,1049.05796,8947.59532,1402.97212,4612.08173,2498.36971
990000,20357.33272,17546.97005,2158.52392,1100.16337,9617.95517,1475.57973,4960.90164,2604.3051
993600,21742.1992,18504.0806,2294.14699,1146.19838,10261.76949,1544.94465,5266.46864,2692.70233
997200,22880.70355,19355.02719,2411.23713,1190.15895,10832.78332,1620.08962,5519.29263,2772.77759
1000800,23727.80941,19754.30287,2475.49815,1228.54753,11332.22368,1683.33165,5672.97303,2812.30426
1004400,24133.86904,19826.18161,2493.82867,1257.93278,11638.4608,1727.5471,5715.90881,2771.03504
1008000,24365.07533,19820.36276,2464.45518,1280.56712,11791.19342,1769.34956,5711.44359,2648.68049
1011600,24310.72691,19590.06376,2444.43012,1278.93423,11851.61272,1765.44059,5603.9669,2509.6186
1015200,23870.15412,19207.68942,2341.45108,1265.65858,11690.3822,1735.4097,5448.12733,2436.48202
1018800,22911.00251,18636.96814,2250.52886,1230.09556,11288.2126,1665.65899,5243.37635,2370.76645
1022400,21938.4083,18223.32377,2230.05518,1189.16564,10892.87427,1602.47955,5147.01803,2343.53566
1026000,21043.19411,17546.08466,2119.47271,1150.94747,10463.18262,1548.95731,5010.84862,2323.33664
1029600,19493.26183,16403.57214,1973.45648,1082.58315,9701.37379,1444.78875,4700.97911,2246.47457
1033200,17871.3494,15205.2059,1823.75868,998.6378,8901.05192,1345.422,4379.9769,2183.86337
1036800,16514.16212,14108.76561,1674.6836,936.00593,8147.92413,1263.76963,4065.42337,2152.31998
1040400,15549.47643,13356.33925,1599.67507,892.51465,7608.95596,1207.91796,3835.30316,2106.28284
1044000,14876.40841,12832.53061,1546.2308,864.07754,7239.01567,1160.72865,3669.83106,2078.48412
1047600,14482.1097,12496.61108,1477.83961,844.13769,7002.24423,1126.38494,3538.04635,2057.39505
1051200,14316.75143,12462.55422,1482.10498,830.40981,6920.66741,1107.33743,3464.99384,2045.27011
1054800,14677.66447,12822.64977,1475.15282,843.00644,7093.52984,1120.33648,3497.47024,2064.35383
1058400,15307.29027,13254.0342,1565.23303,874.47882,7446.82874,1169.86959,3640.9859,2111.08424
1062000,15522.83926,13431.12232,1567.91949,893.01212,7521.0465,1199.92975,3678.87667,2143.58823
1065600,16524.22492,14208.66063,1663.94874,953.60841,7833.9661,1259.49431,3917.56006,2200.29004
1069200,17934.56162,15359.50645,1869.85435,1038.33773,8390.53469,1351.9411,4256.81777,2275.12737
1072800,19584.2522,16505.18614,2034.52168,1128.17761,9072.00936,1454.75179,4645.79307,2367.37477
1076400,21139.10979,17582.42164,2157.73965,1207.68135,9754.13737,1552.62986,5009.08368,2470.68275
1080000,22488.63543,18497.66385,2298.55423,1288.86173,10414.89814,1642.82699,5324.44476,2552.57098
1083600,23676.6503,19233.37851,2405.61404,1349.46121,11042.36364,1731.98595,5566.26804,2624.58237
1087200,24456.23116,19720.93807,2457.51356,1393.71586,11506.21145,1807.37269,5722.90931,2674.8141
1090800,24820.73912,19727.11584,2491.77356,1411.03747,11731.02984,1845.91325,5734.45392,2697.95151
1094400,24866.96562,19681.37137,2493.69997,1403.15934,11817.63022,1861.11398,5687.25634,2701.51941
1098000,24715.90198,19460.0792,2462.51652,1384.59492,11970.7251,1859.9059,5593.30609,2678.83592
1101600,24284.29202,19066.3112,2406.97602,1352.9611,11872.43944,1826.74171,5462.77111,2640.23282
1105200,23356.80025,18536.69498,2339.5641,1299.02874,11459.06793,1758.73333,5262.98576,2603.15562
1108800,22449.99989,18209.94322,2258.46344,1245.90707,11116.68517,1681.83863,5177.73518,2554.19664
1112400,21455.38725,17497.97583,2153.59149,1196.52315,10628.02309,1620.63302,5029.67418,2516.08997
1116000,19817.13322,16488.52845,1978.20624,1126.60607,9804.05262,1507.45529,4737.36606,2443.92401
1119600,18166.1271,15431.3888,1826.7043,1045.92648,8969.19765,1400.98889,4427.5956,2343.9341
1123200,16917.49081,14469.05369,1691.23172,969.66884,8125.51166,1301.59868,4117.58441,2254.21403
1126800,15879.3576,13719.97189,1638.01625,922.4096,7604.91617,1231.70561,3888.41509,2189.38575
1130400,15124.86947,13201.40749,1571.95976,883.1126,7168.43422,1181.60573,3727.67667,2140.79197
1134000,14605.44896,12892.07409,1518.8683,864.5772,6910.72749,1148.06194,3622.9545,2116.34441
1137600,14451.99704,12822.98941,1527.10707,847.17766,6829.85145,1128.22709,3565.70826,2096.79529
1141200,14800.87234,13145.59161,1561.02815,857.97392,7036.3111,1140.36386,3619.22178,2110.18325
1144800,15432.78618,13550.85614,1584.82683,887.1079,7368.45182,1188.32977,3781.2089,2157.72186
1148400,15615.16908,13680.61241,1645.37415,908.4766,7460.62934,1211.34667,3814.08368,2181.33939
1152000,16515.58529,14352.37586,1756.07107,980.50424,7760.44502,1265.38338,4013.23624,2243.1825
1155600,17943.55272,15465.43581,1893.28091,1071.53569,8298.24191,1361.83795,4345.32869,2346.75773
1159200,19515.85725,16635.82047,2033.7185,1162.61276,8924.02752,1469.19704,4713.05194,2456.12073
1162800,21133.06558,17745.07523,2167.36409,1251.97329,9573.99792,1578.82784,5052.68175,2556.42634
1166400,22513.30723,18496.29611,2327.8538,1325.70099,10237.36946,1677.05298,5343.97391,2637.82678
1170000,23766.74968,19247.36324,2424.31994,1389.82463,10874.85811,1769.71954,5591.53003,2730.16222
1173600,24667.69554,19804.46527,2490.80798,1410.14881,11440.28912,1838.16414,5754.96593,2793.81319
1177200,25143.49836,19785.58138,2444.80587,1403.36642,11743.27185,1882.7385,5786.82586,2799.68465
1180800,25282.31648,19683.0361,2450.7081,1408.52126,11839.21021,1899.08623,5734.47422,2795.25662
1184400,25229.17377,19403.23011,2451.09816,1411.23832,11984.82395,1886.63583,5616.32679,2771.48992
1188000,24622.52595,18998.86317,2412.23232,1386.86144,11936.87134,1852.49982,5447.52815,2756.72929
1191600,23607.13136,18580.7548,2314.13166,1339.20669,11519.22517,1776.34203,5250.97024,2714.71297
1195200,22620.43378,18130.10115,2273.12893,1289.90195,11117.09394,1695.63726,5154.23097,2625.89674
1198800,21568.3147,17504.2978,2149.09017,1242.09872,10646.17646,1630.13632,4988.8448,2552.46284
1202400,19899.75343,16445.14033,1997.83843,1163.09308,9835.79326,1515.2896,4679.2087,2441.231
1206000,18199.1501,15386.6041,1871.88561,1074.16989,8984.42775,1404.4934,4353.7633,2336.9846
1209600,16683.98719,14432.72594,1710.48701,1008.01695,8285.07927,1309.57586,4048.54764,2247.17163
1213200,15634.89753,13674.63825,1625.33154,953.92161,7696.02882,1237.77072,3822.33733,2188.67882
1216800,14882.20349,13073.41867,1575.04422,920.99809,7242.26492,1193.11537,3662.77973,2143.67416
1220400,14382.58154,12743.24182,1532.315,907.07855,6953.89743,1161.37972,3567.98136,2128.95966
1224000,14289.47614,12591.6903,1470.03754,892.2628,6828.11999,1124.57298,3501.73011,2114.81076
1227600,14697.62415,12831.29803,1531.93087,884.66977,6973.14245,1127.76792,3534.38962,2122.41285
1231200,15335.18195,13257.25785,1573.47603,911.4937,7351.26979,1175.54955,3675.50457,2183.69051
1234800,15591.20597,13332.83821,1579.44665,928.96495,7404.06364,1192.66107,3687.0261,2202.49426
1238400,16553.26106,14003.14107,1684.54766,991.88659,7647.04395,1257.88818,3877.63446,2251.26749
1242000,18009.34997,14969.03898,1816.1711,1073.66214,8127.54688,1363.57203,4198.31852,2346.28131
1245600,19748.05141,16050.00408,1961.81589,1163.38575,8808.70278,1460.78218,4568.65358,2451.86823
1249200,21446.75329,16985.74815,2095.25262,1248.66539,9561.91722,1604.8907,4917.1442,2551.36801
1252800,23005.00768,17849.31766,2236.36271,1323.21465,10345.50208,1717.86532,5245.64311,2634.07983
1256400,24280.9946,18603.34309,2407.1031,1382.13318,11125.61541,1800.44793,5511.89609,2683.08766
1260000,25002.54189,19061.18018,2451.89534,1403.03856,11807.49846,1814.3617,5679.8041,2636.73708
1263600,24940.34744,19215.14786,2476.37621,1393.61181,12187.07404,1776.17184,5742.76133,2550.80059
1267200,23986.43868,19200.94767,2463.51418,1324.69939,12344.84164,1718.12124,5684.15658,2483.94617
1270800,22258.18315,18904.89399,2422.60282,1258.6087,12310.73742,1650.38811,5518.29363,2415.02943
1274400,20669.76341,18294.51204,2345.7614,1190.25092,12034.06366,1570.37486,5295.28178,2361.17894
1278000,19319.04241,17462.52741,2244.25321,1131.18375,11457.43629,1477.43694,5058.30283,2320.62209
1281600,18622.32724,17116.20855,2149.72094,1098.69127,10918.52542,1437.43551,4961.98015,2306.8268
1285200,17802.22162,16422.32389,2047.40767,1069.20698,10312.2429,1406.38331,4799.85717,2294.14871
1288800,16614.73143,15465.6605,1905.81456,1017.95032,9448.70393,1327.25818,4552.14879,2246.90074
1292400,15404.1142,14485.071,1733.91012,947.88389,8628.48452,1243.35252,4273.6557,2186.71655
1296000,14351.19666,13572.3543,1590.43962,901.22835,7903.49423,1175.33002,3989.16079,2137.49442
1299600,13552.14403,12967.11751,1503.6284,864.75671,7347.16932,1113.11495,3775.86715,2096.52058
1303200,12936.18221,12433.21045,1493.12689,834.58112,6933.88822,1077.61661,3602.48412,2059.96502
1306800,12552.28418,12128.82914,1377.13183,826.84731,6636.79379,1058.39098,3478.73532,2044.42049
1310400,12320.70116,11942.52611,1395.66904,808.37433,6465.03933,1054.31238,3404.23322,2028.51822
1314000,12420.70274,12011.62438,1425.76239,814.99054,6403.19996,1059.9065,3392.58909,2031.17764
1317600,12727.19935,12170.24542,1432.85823,834.23952,6508.32198,1062.38379,3427.68506,2050.40282
1321200,12944.45614,12214.58388,1436.61614,834.79324,6585.95369,1058.95555,3399.23137,2052.2689
1324800,13487.21518,12552.46366,1511.99822,868.16289,6875.85774,1100.43944,3573.55908,2085.90591
1328400,14250.96877,13205.97241,1613.04008,912.20198,7229.73286,1152.39162,3831.16347,2152.40225
1332000,15178.44197,14114.35969,1721.91455,962.78696,7544.75021,1207.53587,4141.97002,2235.05653
1335600,16120.29008,15085.69595,1807.29978,1012.1164,7929.56301,1263.99459,4427.21327,2310.1455
1339200,17069.59668,16138.31873,1920.29639,1068.72397,8233.70796,1318.13084,4683.50538,2372.00024
1342800,18072.52924,17002.11753,2015.48576,1116.13724,8433.32299,1363.07345,4891.5026,2417.66453
1346400,18934.5089,17533.59287,2052.57552,1158.54472,8600.87114,1399.99774,5045.4448,2449.00675
1350000,19427.51709,17737.02535,2066.91427,1190.75792,8700.62243,1424.43904,5120.20926,2448.73159
1353600,19772.74476,17738.7632,2022.79017,1205.43179,8684.41887,1428.43483,5157.20347,2420.6742
1357200,19848.28961,17456.50375,1975.02915,1202.38674,8727.00437,1421.16965,5106.00508,2396.94155
1360800,19426.00315,16339.02671,1866.10217,1169.50719,8599.33479,1395.91272,4924.37394,2356.16617
1364400,18658.97676,15323.30433,1809.46453,1117.49909,8337.23401,1354.3929,4716.32496,2319.3623
1368000,17969.63856,14596.3914,1749.52849,1073.03678,8264.12436,1318.42851,4653.25161,2292.0965
1371600,17270.41733,13886.12145,1644.07827,1032.96386,8064.20609,1287.25436,4517.84928,2283.31884
1375200,16194.3781,13204.33666,1554.17216,984.35277,7641.20927,1224.03307,4308.46896,2227.5046
1378800,15033.0828,12459.6875,1459.74147,915.11972,7089.44834,1158.23593,4066.5489,2167.7241
1382400,13974.62098,11793.94683,1384.688,848.84106,6610.11685,1108.39045,3834.92286,2112.00626
1386000,13102.28227,11318.53309,1315.62589,806.13826,6238.32177,1057.86385,3651.14511,2058.29804
1389600,12443.86044,10947.1129,1261.20336,775.31658,5973.79292,1022.24524,3506.28499,2019.88073
1393200,11942.74724,10688.76945,1247.90314,755.62491,5795.03913,990.67659,3387.85418,1987.95911
1396800,11591.22185,10547.11764,1245.52039,734.56169,5704.87876,978.03948,3296.61381,1977.14413
1400400,11431.83752,10541.90771,1267.97149,735.30549,5686.66828,976.03643,3253.90805,1979.69716
1404000,11381.93271,10603.93826,1290.89155,739.14465,5742.59443,985.05686,3258.93827,1984.62465
1407600,11398.90727,10574.40353,1298.69822,740.5771,5812.07704,993.84576,3198.73826,1976.4131
1411200,12363.49764,10901.46202,1341.76747,786.75285,6124.98633,1049.82963,3273.18442,2001.62186
1414800,13655.31126,11344.08236,1413.97139,841.31227,6489.60192,1107.07322,3466.86172,2055.16517
1418400,14911.52198,11985.54644,1474.62766,880.26824,6965.93031,1174.09951,3712.33219,2102.51799
1422000,15924.5217,12700.25278,1520.24907,921.42337,7447.64523,1242.73466,3967.43529,2149.21493
1425600,16619.09097,13499.56263,1563.89809,958.89624,7733.82932,1298.02593,4171.95788,2194.25276
1429200,16998.14437,14133.43648,1608.70471,991.40139,7743.38615,1346.86229,4306.04654,2234.87405
1432800,17367.59143,14433.18364,1668.98462,1009.76897,7692.51093,1384.76662,4312.49614,2264.58839
1436400,17881.79027,14636.371,1703.54434,1032.57199,7620.11977,1405.30263,4243.66851,2305.17125
1440000,18367.5746,14440.48848,1698.88029,1050.53267,7456.51058,1415.02084,4155.25535,2319.10572
1443600,18559.81679,14044.25805,1678.44857,1055.03504,7361.86915,1405.49656,4051.4646,2299.11263
1447200,18280.91474,13525.91118,1643.77039,1031.48343,7275.02139,1370.36199,3917.25503,2264.47624
1450800,17649.95563,13164.73239,1580.74532,999.04879,7244.25669,1322.58355,3818.23626,2231.04562
1454400,17304.18567,13203.89706,1533.97218,986.22601,7280.00255,1300.87423,3868.40536,2221.12873
1458000,16759.61056,12906.94838,1523.15246,962.91103,7075.35331,1273.46874,3813.6817,2222.35424
1461600,15568.90661,12291.01607,1455.51841,924.72122,6635.4031,1205.98115,3631.58666,2167.12979
1465200,14239.0227,11573.9591,1366.94944,854.31939,6091.43846,1120.69899,3377.5092,2089.90172
1468800,13125.78523,11009.21398,1271.51981,794.15074,5681.63588,1073.37422,3151.63663,2023.69907
1472400,12369.35107,10654.10445,1206.73106,765.48073,5381.85173,1030.74783,3010.89853,1985.70495
1476000,11905.95785,10503.92626,1147.94715,748.50099,5194.5072,1003.42141,2919.1694,1962.45029
1479600,11631.67095,10427.66442,1173.93679,743.79904,5104.62789,987.14204,2852.17996,1944.05963
1483200,11687.91937,10632.12521,1199.30429,737.80544,5179.43988,981.95353,2862.344,1941.18957
1486800,12194.08054,11107.98802,1245.1212,763.87573,5475.9522,1000.12768,2945.97926,1956.43044
1490400,13017.72594,11692.38876,1352.57701,797.60795,5939.90275,1052.72593,3138.84653,2011.41469
1494000,13364.26714,11897.29417,1406.13693,826.14832,6152.32358,1088.55977,3192.97012,2040.73971
1497600,13637.15232,12413.56565,1433.13159,848.03832,6269.41745,1119.62981,3324.69716,2082.87153
1501200,14080.82375,13112.08982,1481.47774,873.85916,6421.45591,1181.31752,3585.79461,2154.63538
1504800,14549.87412,13501.63184,1531.19393,908.73558,6623.69978,1234.59383,3880.38761,2239.49098
1508400,14822.23453,13459.06355,1570.1788,944.45815,6752.37112,1284.98944,4194.2212,2302.21753
1512000,14968.88167,13274.83421,1578.9169,979.18675,6827.76775,1329.20577,4400.91244,2364.12865
1515600,15034.47167,13271.28527,1589.09014,1010.52479,6920.81835,1379.51511,4549.33272,2425.37218
1519200,15114.69678,13535.67908,1604.0714,1039.41118,6967.45481,1424.01332,4707.35116,2458.18637
1522800,15124.10094,14139.71126,1608.30692,1064.61305,7013.30523,1456.99734,4778.22132,2508.78921
1526400,15080.12148,14872.70078,1610.31829,1063.3063,7071.79603,1473.66589,4751.93881,2543.42334
1530000,15005.62289,15262.61536,1578.9929,1056.94671,7114.80767,1460.48609,4626.55286,2539.93169
1533600,14712.35812,15032.33075,1560.06896,1046.81495,7084.99982,1433.06696,4456.40267,2527.51923
1537200,14434.03448,14534.18588,1545.86075,1012.79908,6971.28217,1373.15172,4296.97528,2478.91101
1540800,14474.7481,14405.10102,1569.09877,990.53528,7088.38529,1321.94551,4302.9241,2428.58895
1544400,14186.92864,13869.87774,1541.67486,960.03344,6993.54539,1287.28207,4183.92191,2386.72787
1548000,13205.13775,12966.08766,1453.06688,892.41404,6587.55126,1199.90516,3924.46758,2292.90383
1551600,12009.5524,12128.0555,1358.73155,827.82854,6026.25541,1103.5093,3637.8878,2197.02408
1555200,11034.5306,11440.82242,1295.96357,766.18455,5555.49023,1030.32633,3414.33712,2145.93742
1558800,10526.43886,10985.51979,1186.9637,730.02142,5265.66686,981.52814,3235.36264,2095.01453
1562400,10212.0164,10693.40449,1152.18305,704.62746,5090.45193,950.23059,3092.95766,2052.92922
1566000,10027.83294,10550.23975,1178.29213,684.54199,5029.1966,938.28452,3007.96815,2021.50457
1569600,10204.91207,10590.27732,1197.94282,675.84315,5091.26373,942.55911,2968.96817,2000.01396
1573200,10842.41383,11041.75792,1212.96606,698.79287,5422.77912,980.67171,3053.59928,2031.91736
1576800,11804.12345,11632.65777,1341.54895,741.96014,5965.58803,1039.46045,3250.13437,2078.91619
1580400,12294.73789,11802.9424,1402.89579,767.06275,6229.38815,1063.68636,3278.78901,2085.45101
1584000,12646.6482,12194.06423,1462.80845,792.92051,6370.82967,1090.80952,3337.02693,2130.43301
1587600,13245.39218,12637.10101,1488.08245,838.60987,6605.37538,1129.07062,3437.00723,2202.70143
1591200,13803.12303,12874.24734,1571.06705,896.02783,6938.83826,1169.01238,3572.60292,2272.99635
1594800,14336.61093,12925.37058,1609.70436,950.97871,7363.80419,1215.06054,3713.54538,2348.19893
1598400,14821.88152,12841.24109,1643.73535,987.00674,7726.23433,1267.8759,3857.9989,2414.42706
1602000,15300.8566,12986.22495,1687.53882,1032.14616,8002.0719,1326.45771,3975.82793,2480.8474
1605600,15842.02532,13275.68026,1677.90553,1073.63099,7992.21931,1381.85154,4115.72312,2532.36545
1609200,16142.93109,13614.71575,1673.56448,1101.91959,7794.78481,1430.08391,4218.17684,2580.12621
1612800,16297.83591,13992.34769,1633.60653,1123.56599,7570.52302,1462.99212,4293.62912,2599.78123
1616400,16274.44956,14080.46346,1632.48214,1113.45178,7403.3625,1454.30673,4241.3083,2561.6566
1620000,16111.65329,13789.44063,1561.26905,1088.99934,7281.72023,1422.80509,4133.62317,2538.73887
1623600,15729.15233,13599.2822,1533.88929,1054.41802,7173.02318,1378.85621,4017.03704,2476.35643
1627200,15622.09216,13703.46319,1601.73508,1028.40472,7248.93733,1344.62726,4054.5736,2423.24095
1630800,15324.00326,13386.6223,1551.71959,991.41288,7135.7246,1311.52675,3953.38562,2373.46502
1634400,14334.84318,12716.6893,1467.51968,923.80925,6748.48245,1225.85061,3723.57189,2270.76871
1638000,13145.619,11974.4477,1372.04608,856.82262,6203.62797,1135.74981,3469.1114,2191.77743
1641600,12098.69129,11379.19482,1279.81471,793.83329,5783.88612,1066.63923,3272.77713,2126.48854
1645200,11526.79413,10999.49395,1243.40864,757.3885,5509.10549,1020.08066,3115.44527,2075.37816
1648800,11152.58423,10737.47698,1222.5284,741.26853,5358.09734,993.34402,3003.38255,2037.89896
1652400,11033.29937,10616.4124,1181.61602,729.73131,5300.95257,980.51301,2928.95809,2004.20019
1656000,11106.21699,10718.96404,1210.20052,724.90983,5364.10592,985.58106,2907.01848,1992.55082
1659600,11738.11959,11243.19351,1234.4403,748.12285,5653.76279,1019.16537,2987.63165,2016.62791
1663200,12723.59145,11850.69978,1352.62,793.14611,6188.07529,1089.35229,3194.18178,2067.79283
1666800,13125.82375,11975.6181,1362.90608,817.30616,6422.78732,1132.08905,3240.25581,2101.6448
1670400,13463.89718,12096.77735,1392.92562,835.19481,6609.11996,1157.71508,3344.91702,2129.42476
1674000,13849.57539,12554.29951,1495.03143,876.16277,6904.41622,1197.59586,3592.64669,2170.19984
1677600,14407.52498,13269.95127,1566.83076,925.59649,7312.02868,1247.08106,3921.24176,2247.77135
1681200,14863.02891,13793.3142,1600.16432,971.67609,7718.39327,1300.73903,4214.74257,2315.89235
1684800,15098.89098,14092.5955,1654.60738,1013.51212,7952.21186,1347.85254,4452.356,2373.79599
1688400,15335.15496,14258.63474,1708.14574,1042.09581,7963.07007,1396.80495,4550.89671,2437.74841
1692000,15417.41042,14379.7517,1669.94426,1073.39073,8074.23144,1441.61633,4617.60439,2513.33229
1695600,15644.07334,14323.91558,1665.3747,1096.84937,8299.87834,1445.39631,4665.00487,2553.23598
1699200,15840.48639,14148.57812,1642.61765,1107.71293,8322.16777,1445.18679,4632.17421,2557.34029
1702800,15767.17642,13578.9431,1598.19365,1097.10007,8039.74023,1416.08345,4380.14906,2521.73126
1706400,15607.87144,12956.6662,1556.31525,1078.27275,7797.99258,1379.83051,4169.54978,2496.08105
1710000,15295.76649,12760.38676,1541.19169,1040.0068,7601.73572,1330.18745,4010.70231,2447.29687
1713600,15199.82809,12821.12249,1534.34957,1015.51303,7581.03708,1307.11715,4033.24374,2403.78343
1717200,14794.15114,12498.13223,1497.72451,984.31916,7372.65959,1280.10852,3941.89079,2370.34014
1720800,13745.93112,11849.80721,1382.17344,920.85613,6846.89015,1206.50842,3711.33484,2295.66723
1724400,12575.0052,11140.454,1281.11211,857.68702,6328.5341,1123.05961,3449.605,2202.74017
1728000,11662.20003,10494.99735,1185.70331,811.51477,5985.00672,1044.23194,3202.55702,2094.74818
1731600,11117.10068,10161.79941,1181.76068,774.86054,5632.72004,1003.33022,3054.65875,2044.44665
1735200,10825.37568,9991.26353,1155.46873,748.9623,5396.58754,975.86182,2944.50893,2013.77178
1738800,10689.88873,9943.63625,1135.59696,739.05462,5325.52673,959.69632,2872.19269,1995.97761
1742400,10870.88715,10113.16426,1163.42087,734.74048,5359.37469,955.52379,2841.32338,1989.68266
1746000,11516.57099,10719.24106,1230.91651,760.21709,5638.08474,982.83483,2921.70537,2009.93003
1749600,12538.88469,11455.01204,1293.43177,807.81297,6181.02454,1042.33626,3132.64373,2068.57453
1753200,12911.94297,11766.96519,1365.21648,832.34199,6399.91497,1073.09709,3174.83119,2102.58744
1756800,13397.63135,12325.52236,1425.06602,867.20177,6583.61293,1101.53023,3357.42784,2129.60798
1760400,14126.63585,13181.31413,1490.18222,893.36079,6884.27869,1146.20287,3685.65047,2183.95733
1764000,14966.2793,14138.70674,1572.55359,936.10363,7289.40939,1199.19089,4042.92691,2263.24515
1767600,15836.38151,14694.64905,1636.76326,959.02195,7693.9295,1244.97934,4359.772,2327.84848
1771200,16664.52302,14521.02832,1755.98687,974.15687,8148.17091,1280.72743,4640.30222,2388.88442
1774800,17510.40825,13975.0553,1757.02143,989.00801,8661.61804,1325.63769,4863.2959,2438.18881
1778400,17776.72129,13632.78285,1728.7795,990.53983,9133.96585,1373.85978,5025.66273,2483.69043
1782000,17454.4959,13690.58102,1652.53753,994.85801,9436.68113,1415.48304,5105.63041,2501.16375
1785600,17154.9521,13872.24972,1650.75574,986.05723,9555.56418,1424.48522,5110.29637,2510.68441
1789200,16674.45798,13839.36219,1643.65104,953.91641,9552.40399,1394.8304,4957.23013,2475.93293
1792800,15968.90226,13694.30107,1634.30966,928.53017,9285.45584,1357.16054,4772.47281,2433.64489
1796400,15464.61876,13586.59507,1583.56265,913.08931,8713.35883,1311.15064,4576.98676,2396.85352
1800000,15405.83251,13727.91441,1630.63599,914.75824,8514.05367,1292.18586,4521.73653,2366.66283
1803600,15002.3171,13416.40864,1562.98678,907.67023,8213.0001,1274.15524,4393.62755,2340.08491
1807200,14028.11808,12620.88152,1468.04558,862.86826,7633.55862,1195.93487,4108.4785,2259.95113
1810800,12850.4563,11764.4217,1382.86489,807.63544,6981.40854,1112.19274,3792.8127,2171.14237
1814400,11973.2476,11177.37882,1293.21696,759.00524,6204.34091,1066.5481,3557.79227,2134.18473
1818000,11343.30421,10690.23114,1233.00289,728.84871,5870.86334,1023.18828,3356.40641,2078.97806
1821600,10967.06012,10423.75558,1207.36153,714.47813,5677.37355,999.08916,3210.13797,2041.59082
1825200,10747.20386,10343.60409,1192.29158,705.2994,5576.1157,984.48936,3115.06349,2025.9779
1828800,10899.04033,10449.82972,1160.01803,706.07301,5664.51727,980.62584,3075.63978,2011.6021
1832400,11477.71371,10905.02913,1243.59191,728.01124,5933.96994,1003.30492,3131.04261,2029.25812
1836000,12429.88398,11522.64921,1315.08038,769.51388,6466.84062,1060.26742,3332.41338,2097.47036
1839600,12945.8192,11825.07169,1340.06493,796.66816,6690.18874,1091.26354,3379.92639,2140.39796
1843200,13434.52111,12650.30436,1394.08468,833.56627,6932.84636,1132.6362,3571.65691,2153.39693
1846800,14123.43137,13790.89222,1467.54857,861.36013,7391.61681,1188.31273,3895.3397,2214.20922
1850400,14877.14003,14749.11266,1561.50976,894.00571,7952.87099,1219.386,4210.74591,2288.62874
1854000,15457.58841,15617.75649,1661.87391,913.72942,8449.85807,1287.49943,4499.05161,2354.26566
1857600,15869.94939,16101.66218,1771.27894,924.41734,8909.60268,1324.4384,4722.35922,2399.11759
1861200,16372.61038,16004.79913,1923.88228,927.98862,9344.76712,1377.82221,4918.62461,2439.88545
1864800,16883.17379,15889.32669,1941.9547,923.34959,9687.25943,1416.45221,5071.37569,2499.01878
1868400,16809.68254,15590.20303,1989.33838,920.50371,9982.52247,1453.28807,5126.75193,2509.21124
1872000,16322.99753,15210.47643,1987.4199,905.55946,10101.30733,1469.17803,5074.57827,2480.76318
1875600,15435.46745,15013.56837,1931.91925,884.84573,10076.1815,1452.97243,4949.65327,2436.735
1879200,14641.93835,14814.83004,1833.92277,871.71189,9866.65561,1426.86962,4770.1971,2406.4735
1882800,14090.30735,14411.81814,1736.42379,849.5457,9412.95584,1377.41086,4545.37929,2382.0481
1886400,14117.02162,14358.47873,1682.09737,850.68802,9149.16467,1345.09962,4478.77093,2355.66616
1890000,13883.59573,13937.86063,1630.1214,846.06295,8765.30943,1317.5427,4346.6938,2327.77865
1893600,13193.10699,13245.84938,1531.838,811.3694,8163.15437,1251.73049,4133.91274,2263.75015
1897200,12287.6709,12468.1612,1403.00487,768.84534,7471.39372,1178.6168,3894.6107,2185.64935
1900800,11418.2329,11729.10516,1303.87373,746.87079,6858.10802,1113.26693,3664.68222,2153.07614
1904400,10857.35111,11162.81345,1237.51403,718.41191,6410.59416,1059.94696,3477.59347,2102.91776
1908000,10469.22475,10722.20326,1257.73931,700.00271,6108.39313,1024.94634,3329.67326,2065.52121
1911600,10386.21005,10460.47796,1174.19086,695.72509,5963.55057,1005.40944,3230.03041,2047.42352
1915200,10428.45081,10346.82356,1208.36263,694.2859,5881.43905,996.88803,3181.83552,2043.24498
1918800,10670.7013,10388.964,1247.61757,707.6159,5929.85718,992.25567,3185.49727,2043.25814
1922400,11142.1936,10567.1498,1271.53426,721.73832,6086.71948,997.59687,3230.38475,2053.97223
1926000,11573.12085,10731.23006,1300.31011,731.25496,6195.13274,1012.11678,3250.37941,2076.09508
1929600,11978.51827,11727.07738,1393.87878,759.02459,6553.47197,1049.85047,3469.44881,2106.92786
1933200,12530.22009,12920.10528,1496.53116,783.57261,6855.44687,1085.86794,3766.35002,2150.87824
1936800,13065.14599,14083.87925,1593.65907,815.71924,7159.4074,1125.23031,4048.22105,2217.22508
1940400,13386.38072,15016.76732,1663.05909,836.5237,7343.89771,1152.40498,4285.31485,2282.22822
1944000,13459.13775,15579.6433,1732.18609,860.56563,7407.11315,1168.34748,4493.29897,2347.57394
1947600,13418.54129,15550.45433,1774.73127,875.04916,7452.80524,1181.33848,4653.17732,2385.5392
1951200,13564.62152,15657.76227,1795.00135,897.19107,7474.55722,1199.44829,4762.36008,2401.47368
1954800,13851.05759,16012.95437,1812.49419,931.37148,7556.39019,1224.7153,4839.77272,2400.08959
1958400,14213.50489,16108.65619,1760.00474,951.95474,7575.40817,1249.99182,4849.54072,2378.54824
1962000,14464.10483,15905.43577,1734.17107,962.56001,7443.61354,1263.13257,4756.79172,2362.69292
1965600,14378.78731,15529.18778,1655.63601,954.49429,7314.96663,1270.10443,4591.0659,2324.2698
1969200,14134.62151,15066.67488,1617.4329,932.38875,7186.42169,1248.17569,4397.21875,2269.62931
1972800,14148.28206,14880.31975,1577.36621,922.81916,7272.08037,1238.05863,4371.09895,2257.29701
1976400,13897.83437,14360.09383,1485.25357,891.70188,7092.44483,1205.54486,4226.8963,2250.18225
1980000,13115.96441,13643.36599,1402.87704,842.10897,6714.03568,1142.19845,3998.93032,2194.12488
1983600,12157.2971,12905.8717,1311.9348,788.07029,6253.92166,1078.02704,3735.8125,2135.31688
1987200,11257.93946,12263.50923,1243.38947,732.87398,5829.96535,1016.53133,3528.05993,2095.14301
1990800,10583.97273,11908.26746,1180.16571,700.4258,5494.65136,973.34584,3355.76856,2058.35593
1994400,10138.23416,11503.33242,1127.43338,677.19074,5248.76413,943.75004,3230.38938,2035.85907
1998000,9854.14824,11247.70755,1114.34963,660.19046,5066.58319,918.7797,3131.67339,2009.86559
2001600,9718.84389,11112.709,1113.31863,650.93407,4966.10957,908.68194,3075.00795,2006.00711
2005200,9788.05328,11012.16185,1135.1798,650.60283,4994.99906,910.96798,3056.55738,2009.414
2008800,9998.2548,10968.30921,1158.28694,656.16468,5143.02066,924.87132,3069.00821,2011.37099
2012400,10146.84849,10800.7818,1171.69343,660.6274,5230.86178,938.45297,3030.46238,2002.74816
2016000,10956.26274,11109.86825,1203.24884,709.6678,5454.90722,988.53011,3160.68389,2030.7891
2019600,11976.61087,11680.60441,1276.19968,755.11973,5831.9812,1035.87993,3405.57817,2085.07586
2023200,13007.90344,12216.15975,1332.76657,804.44005,6274.1313,1075.8856,3664.73268,2132.90552
2026800,14060.69816,12823.51756,1369.90569,850.0846,6685.39525,1118.08872,3900.33915,2194.86418
2030400,14991.60823,13210.30696,1416.62493,894.88784,7039.51633,1157.58374,4043.9197,2263.02334
2034000,15749.93877,13234.62377,1455.15315,936.21346,7272.63933,1193.17548,4178.37297,2304.94995
2037600,16428.19676,13225.92345,1486.70567,971.30334,7386.71134,1236.22723,4248.88532,2349.59946
2041200,17000.4972,13725.46757,1517.79356,1004.90365,7437.96818,1269.46935,4246.36508,2391.49629
2044800,17378.88697,14265.39085,1547.96696,1029.06851,7474.59979,1294.29759,4141.8142,2419.36035
2048400,17551.33294,14344.07493,1547.62695,1037.79011,7507.64177,1314.89348,4070.60526,2432.51411
2052000,17347.22739,14077.35053,1539.73339,1018.69873,7505.04528,1308.66017,4002.19691,2420.98522
2055600,16684.07266,13795.14122,1506.66824,977.26451,7485.8697,1279.30143,3949.02023,2390.61325
2059200,16324.636,13919.58622,1487.39161,949.60678,7597.62989,1264.62533,4026.67699,2368.10486
2062800,15612.55104,13487.98182,1479.0874,901.97314,7374.59483,1231.72926,3924.97374,2346.49974
2066400,14180.88263,12633.75129,1411.08723,828.67752,6835.90219,1145.29407,3672.6722,2267.19958
2070000,12690.4909,11705.3611,1315.5379,756.4422,6211.80522,1051.36274,3388.0922,2166.11641
2073600,11611.14452,11027.41163,1227.36332,706.67165,5763.81529,1010.32062,3171.45799,2089.98486
2077200,10909.17398,10604.80915,1164.03002,675.00649,5476.5101,967.24381,3035.79458,2051.43676
2080800,10536.42745,10377.23569,1107.8443,658.32534,5279.3898,941.94935,2948.17118,2034.5505
2084400,10374.00113,10306.9128,1143.70707,647.89522,5223.82774,930.32132,2898.91792,2018.91825
2088000,10557.09112,10474.33711,1171.31245,652.43792,5307.05402,927.71528,2901.78814,2014.62025
2091600,11249.12304,11055.70641,1226.86006,685.99516,5663.67677,957.66499,3028.96396,2045.59453
2095200,12492.45285,11793.69151,1372.45263,743.168,6308.81242,1040.34019,3312.80319,2126.7179
2098800,12848.47028,11915.87806,1408.31925,759.81742,6429.96754,1073.8097,3298.64402,2153.45693
2102400,13193.34752,12495.30373,1444.98891,790.18174,6398.49915,1105.80347,3435.84465,2189.99713
2106000,13960.34295,13557.26329,1547.59433,824.26378,6586.88032,1149.65302,3744.51521,2259.25141
2109600,14695.47937,14360.86537,1640.79611,873.59042,6928.07988,1188.10073,4062.62262,2329.56223
2113200,15313.66263,14088.15366,1742.02371,914.4737,7434.05962,1247.47705,4338.34581,2374.19934
2116800,16097.73159,13559.15392,1836.49613,944.81849,7984.30784,1303.35959,4576.54707,2417.63258
2120400,17079.25912,13407.09479,1875.23926,988.0136,8584.53651,1368.66889,4793.20269,2477.72144
2124000,17951.68884,13435.79753,1804.52592,1028.37127,9065.89784,1424.18227,4964.50919,2499.65049
2127600,18009.12919,13721.15918,1770.75712,1046.47677,9406.91432,1456.67347,5058.64385,2510.91303
2131200,17530.16183,14471.34107,1764.96427,1063.11903,9729.6925,1461.53007,5097.36014,2506.93608
2134800,17039.22416,15063.39517,1774.4471,1055.65063,9861.50137,1455.35105,5038.43445,2479.12519
2138400,16487.84969,15038.63917,1784.47151,1021.15298,9765.46205,1429.70438,4891.53327,2456.55733
2142000,16081.78875,14691.69686,1752.52796,985.70737,9398.92525,1366.96122,4701.6537,2422.4952
2145600,16101.8596,14711.66914,1758.06097,981.64289,9187.12488,1327.46412,4701.26419,2410.69306
2149200,15636.86477,14169.72739,1695.16043,948.27104,8693.44304,1286.54254,4534.87794,2385.56757
2152800,14534.5069,13196.29336,1574.458,889.16637,7879.12177,1200.25783,4205.35134,2305.39341
2156400,13218.2018,12202.4174,1449.02443,836.26712,7057.11102,1107.21141,3844.3531,2223.85524
2160000,12401.85544,11403.09327,1342.24197,794.14473,6483.67457,1030.36987,3532.41658,2155.87548
2163600,11895.36257,10999.52935,1223.43356,773.16003,6163.10733,994.70403,3351.83616,2124.13356
2167200,11573.46964,10720.47443,1186.27897,758.39707,5948.87495,979.46267,3217.74448,2107.28974
2170800,11399.46042,10618.19276,1209.75824,751.65493,5867.4286,975.11957,3126.83869,2097.48761
2174400,11613.8879,10741.64892,1221.66319,755.55516,5878.13167,974.91204,3086.34895,2092.86288
2178000,12360.15786,11375.96228,1243.10728,782.38679,6172.00626,1013.22329,3201.94879,2129.427
2181600,13508.87968,12129.11336,1398.79948,840.45679,6821.03503,1090.92146,3480.37429,2203.85964
2185200,13772.50609,12225.56362,1450.89175,856.34916,6915.32444,1116.6797,3446.77834,2224.02826
2188800,14269.87321,12940.47254,1535.08828,882.99604,7045.90802,1145.94849,3591.22646,2248.83163
2192400,15210.26342,14012.19612,1607.06239,928.65058,7442.26913,1198.45871,3887.64565,2308.68366
2196000,16347.33116,15097.09892,1754.38769,975.38724,7984.24682,1271.26034,4201.88656,2361.26832
2199600,17419.59116,16097.87255,1855.02513,1031.95438,8511.20437,1347.38886,4484.65119,2401.81173
2203200,18457.49394,16973.98865,1964.30311,1076.78756,8977.30253,1413.7947,4740.68829,2445.97198
2206800,19408.56293,17748.0554,2090.05207,1124.1915,9443.34249,1481.64008,4963.8034,2503.20188
2210400,20184.5786,18094.5981,2150.65048,1163.97751,9820.77191,1528.55293,5101.26101,2527.14099
2214000,20694.6548,18217.54514,2179.792,1190.46769,10121.60287,1567.32657,5183.97549,2541.80092
2217600,21045.58144,18281.67335,2158.04302,1213.22798,10342.29699,1604.03615,5230.45801,2540.22665
2221200,20998.76594,18004.87564,2158.74118,1197.13665,10385.17845,1601.02589,5150.20181,2483.27563
2224800,20523.13529,16965.03176,2062.86653,1168.4473,10189.13401,1565.22406,4975.3992,2445.58455
2228400,19598.49535,16310.86538,1972.45425,1125.27556,9752.82406,1497.17462,4763.79315,2397.25203
2232000,19079.60483,16274.4009,1981.37585,1106.77284,9466.79868,1447.04602,4735.35762,2401.90256
2235600,18126.05032,15605.71145,1865.70635,1056.11223,8952.6898,1387.72097,4555.55658,2364.08382
2239200,16498.20201,14465.12795,1714.59769,977.13121,8072.59005,1278.07089,4191.93528,2268.40005
2242800,14833.6734,13375.4219,1565.81583,900.44013,7181.49264,1173.40827,3816.1673,2183.02978
2246400,13689.57205,12572.71062,1446.76695,842.85367,6496.68369,1100.3281,3526.37775,2113.08003
2250000,12869.83754,11967.99527,1389.00947,807.87103,6034.16172,1051.46908,3325.18951,2069.92428
2253600,12294.79183,11541.30285,1351.57742,782.66498,5758.27622,1016.90449,3188.22734,2039.7283
2257200,12006.51952,11272.63102,1295.92506,763.59991,5648.05643,994.29378,3091.73244,2003.78815
2260800,11935.82401,11288.30595,1302.91263,759.3678,5714.07335,985.35557,3051.28564,1993.22973
2264400,12449.78274,11775.10125,1321.9821,782.24747,6059.99372,1011.27188,3133.07385,2016.37199
2268000,13413.58156,12432.74594,1452.94893,830.31613,6687.27436,1075.84992,3400.0268,2075.93755
2271600,13587.70656,12494.81096,1428.23877,843.8801,6819.04107,1104.92363,3389.01531,2102.73688
2275200,14141.88889,13064.66766,1478.53321,886.2266,6923.68121,1139.24826,3511.53165,2113.44435
2278800,15093.82973,14057.99156,1627.96149,936.19597,7331.23116,1200.97258,3807.3629,2172.9259
2282400,16286.39394,15148.67994,1761.24614,1007.52453,7893.09969,1269.55005,4143.69914,2258.00143
2286000,17554.88339,16204.2324,1864.87778,1069.50385,8465.52103,1345.46853,4453.20027,2327.05288
2289600,18779.70572,17184.16298,1987.44452,1135.86713,8981.1114,1419.79401,4735.61902,2397.77749
2293200,19972.68273,17844.17854,2104.85056,1187.55182,9473.85173,1498.27316,4952.83994,2466.38825
2296800,20832.08961,18221.4054,2148.46619,1236.62155,9853.22396,1560.46809,5132.87318,2534.38524
2300400,21372.98883,18115.38311,2213.81881,1262.82371,10133.90486,1604.18104,5229.11015,2553.83277
2304000,21686.96555,17966.55632,2252.67174,1278.89642,10339.28698,1637.91705,5279.12111,2510.32793
2307600,21551.60118,17588.67104,2217.52189,1261.59679,10384.93286,1633.34594,5197.31655,2424.97745
2311200,21005.23502,16977.5589,2148.56717,1220.87343,10214.31442,1598.9789,5020.02354,2371.16266
2314800,19932.80719,16310.97852,2068.76556,1162.7855,9815.86495,1522.74659,4784.60455,2330.9326
2318400,19268.22078,16029.93722,2007.53591,1122.87603,9550.08167,1477.81663,4722.23304,2319.15393
2322000,18244.24329,15259.91112,1895.44826,1067.65355,9007.57053,1410.99646,4522.61989,2293.81301
2325600,16540.6665,14173.1497,1701.85634,978.94202,8216.06291,1296.30356,4160.70455,2210.85089
2329200,14877.7094,13064.6694,1546.64542,902.81412,7385.42546,1183.48903,3776.5486,2129.0294
2332800,13615.77988,12097.23216,1424.67504,846.30508,6746.40957,1093.88821,3471.06315,2077.56663
2336400,12756.53693,11425.12564,1383.30907,801.79184,6288.40086,1042.3532,3264.5065,2030.21022
2340000,12180.76802,11019.3966,1333.79255,769.51853,5972.35937,1007.39684,3113.02064,2009.49559
2343600,11878.04474,10848.71135,1296.12457,756.1363,5805.53619,986.72106,3013.95317,2002.93175
2347200,11873.21043,10898.00544,1307.24314,749.81944,5769.27029,978.93047,2954.4481,1998.15838
2350800,12424.64264,11449.01789,1368.00751,776.20977,6012.16296,1005.41925,3046.16681,2039.92334
2354400,13497.37914,12209.80409,1440.11324,841.06632,6542.63385,1076.7294,3329.80841,2119.84351
2358000,13660.44464,12277.79975,1477.652,842.73555,6671.17203,1097.64109,3310.31264,2151.79063
2361600,14199.48515,12707.50579,1548.29252,883.33117,6873.98477,1126.84746,3431.74497,2162.02861
2365200,15302.40211,13739.61337,1668.10884,949.43329,7302.65888,1194.70527,3718.79251,2226.94424
2368800,16609.27866,14847.86022,1812.17672,1028.5811,7857.34891,1278.77509,4061.12131,2309.45938
2372400,17934.30176,15710.55282,1921.85551,1096.91756,8386.31764,1359.92508,4385.84743,2378.93866
2376000,19111.43305,16440.45955,2046.65862,1159.34846,8945.77567,1436.04443,4692.12206,2447.50884
2379600,20343.51004,16807.0278,2121.09844,1228.05248,9405.4245,1514.75929,4944.34116,2523.92373
2383200,21199.19385,16492.75662,2170.97974,1266.36486,9807.3118,1578.04889,5119.07721,2568.44885
2386800,21806.03965,16165.86677,2139.57139,1279.61411,10134.90661,1631.58934,5236.69069,2592.37987
2390400,22124.77377,15833.85215,2162.92938,1282.96253,10308.74317,1657.63149,5293.88618,2588.25171
2394000,22016.39667,15343.24465,2152.01531,1264.659,10218.48968,1639.38138,5183.6291,2517.45229
2397600,21347.19022,14892.47644,2100.73165,1228.51669,9935.05706,1598.10212,4991.5798,2442.19801
2401200,20267.97715,14634.2941,1988.49182,1176.31893,9510.80539,1526.31153,4777.41067,2398.27571
2404800,19662.17604,14679.03831,1974.57188,1140.09346,9260.92839,1474.0151,4746.812,2366.12413
2408400,18513.07667,14113.78746,1828.07792,1087.50364,8889.13604,1403.93629,4556.62621,2310.37887
2412000,16811.70062,13104.76563,1667.17513,1001.25623,8139.44999,1288.5321,4206.49961,2217.94919
2415600,15169.3703,12131.6921,1542.80606,918.76703,7353.08902,1180.29015,3840.0237,2129.58606
2419200,13797.51808,11469.36517,1404.48138,857.20306,6684.1415,1099.8908,3559.8735,2080.75736
2422800,12953.57151,10921.30459,1316.53887,815.46413,6256.27393,1045.8088,3345.03523,2031.68971
2426400,12364.44793,10519.75721,1270.83349,782.87974,5943.82592,1007.67839,3177.19648,1997.0297
2430000,11943.40087,10381.94327,1237.11337,766.85538,5738.97346,985.53589,3070.88018,1994.80176
2433600,11944.92863,10465.87358,1195.12365,755.82296,5710.76355,974.6577,3026.31239,1990.30955
2437200,12422.75476,10964.79648,1286.19051,778.81345,5980.20745,991.62692,3111.38116,2016.47143
2440800,13450.86868,11717.19643,1376.26187,846.38801,6615.77124,1068.92406,3387.00577,2096.83191
2444400,13741.4569,11852.37324,1381.74044,861.19843,6787.30621,1097.63808,3387.72274,2133.94204
2448000,14167.12521,12080.90388,1419.69322,886.74712,6885.92843,1136.13812,3509.83805,2131.97495
2451600,15037.93731,12598.18596,1492.63725,933.67637,7309.62084,1198.11311,3809.22653,2179.98874
2455200,16273.73983,13283.59992,1575.19478,994.5569,7911.89171,1251.10268,4118.14695,2255.52282
2458800,17505.33738,14018.45362,1643.87142,1048.40751,8472.08965,1363.84726,4446.69599,2314.82711
2462400,18437.37458,14508.45195,1745.77095,1103.95455,8998.17363,1451.37993,4721.17599,2351.23314
2466000,19051.9272,15059.77947,1898.97892,1145.76894,9491.05396,1524.86616,4948.00858,2389.98323
2469600,19166.56745,15555.38893,1932.46275,1135.97915,9883.52258,1566.67765,5130.38026,2407.23066
2473200,18943.60188,15831.11236,1907.41751,1141.15669,10127.80986,1603.55103,5203.16393,2381.55104
2476800,18862.62698,15938.24623,1853.36719,1136.11716,10290.03459,1617.31165,5211.72422,2355.21269
2480400,18451.10011,15551.70936,1800.50601,1107.24151,10183.2562,1580.60748,5077.14516,2339.81135
2484000,17545.13636,14601.94097,1720.18266,1070.90638,9809.72386,1516.98518,4842.90309,2310.51956
2487600,16575.46841,13966.70924,1668.23975,1023.22972,9282.95347,1451.67214,4589.33718,2285.08632
2491200,16201.49147,13710.96813,1610.41599,1002.65698,8956.60249,1400.91701,4512.32886,2279.86711
2494800,15503.76175,13221.66758,1547.18546,968.99276,8453.41873,1343.7612,4321.33002,2257.84733
2498400,14472.13521,12523.68597,1453.48415,912.01448,7797.70841,1241.34922,4054.69856,2204.53124
2502000,13422.3973,11800.6442,1341.74864,857.46468,7104.16874,1155.11302,3786.342,2141.94124
2505600,12432.81807,11084.66845,1244.15668,802.62729,6484.41546,1076.34486,3499.82342,2082.20265
2509200,11639.23001,10548.0325,1185.15144,764.97742,6023.60522,1024.87541,3285.15213,2035.04791
2512800,11030.15474,10151.42555,1197.85438,735.40035,5731.73373,989.87645,3122.06155,2002.1835
2516400,10739.8479,9979.18109,1113.60844,718.90563,5507.78636,971.13348,3021.92654,1991.45427
2520000,10529.07351,9918.97775,1141.62624,711.10389,5368.16389,952.93292,2942.66226,1985.86123
2523600,10597.68271,9996.93631,1180.43299,713.0355,5391.64016,952.69492,2924.01101,1984.23772
2527200,10912.86407,10207.6113,1199.64325,723.79854,5539.47323,965.96181,2965.58032,1994.80673
2530800,11176.39887,10400.03968,1218.94102,726.08288,5630.53663,979.64642,2954.39708,2013.36501
2534400,12048.19995,10883.05807,1307.41585,773.03495,6173.19594,1038.57239,3197.8827,2038.16362
2538000,13351.08004,11641.7799,1414.89314,838.44326,6846.1638,1117.60236,3580.36458,2121.52053
2541600,14697.50288,12379.14725,1538.0158,903.35724,7524.95154,1204.20135,3956.0046,2216.00335
2545200,16065.62954,13088.16173,1627.96035,962.04144,8116.08911,1298.44366,4300.61927,2299.50699
2548800,17330.87247,13818.25745,1731.41788,1024.73406,8643.27431,1405.07765,4579.8938,2379.66363
2552400,18343.22083,14456.50789,1825.26507,1076.23534,9093.34139,1482.25696,4803.40511,2439.37754
2556000,19117.45696,14965.23959,1895.73495,1122.26183,9450.46182,1525.29996,4942.62993,2499.02185
2559600,19552.49307,15412.4732,1950.22572,1149.74678,9748.66943,1519.41907,5030.16844,2534.87873
2563200,19848.02685,15623.80173,1922.36393,1147.15073,9911.91385,1503.72076,5069.46698,2549.42804
2566800,19771.99789,15383.29336,1906.90683,1109.95887,9913.72439,1485.25997,5000.74529,2546.91483
2570400,19159.29481,14513.27102,1827.34558,1062.13301,9660.56247,1445.55367,4837.82952,2515.06088
2574000,18147.62168,13810.01067,1757.54337,1006.5895,9195.2502,1383.42761,4602.53414,2458.76519
2577600,17576.7917,13679.7319,1694.56067,985.41893,8931.50342,1344.0647,4515.88278,2415.88149
2581200,16692.13025,13223.94924,1569.65761,944.30465,8489.07026,1289.29406,4319.33571,2380.13115
2584800,15521.86826,12591.53285,1464.15539,892.34565,7866.30154,1213.28598,4083.4611,2311.76813
2588400,14281.1479,11868.0094,1353.72704,829.31749,7203.53741,1133.25339,3812.775,2231.49358
2592000,13180.27309,11213.60196,1287.28871,782.14994,6602.3087,1066.94807,3552.4101,2157.72252
2595600,12317.54105,10732.37473,1207.80967,748.67469,6126.5827,1019.75625,3335.3859,2099.27752
2599200,11684.13041,10396.05699,1148.02639,722.21068,5784.81876,983.14087,3179.3537,2058.82083
2602800,11218.76126,10202.33275,1127.93846,704.73668,5514.43694,956.0175,3060.57829,2025.86824
2606400,10892.11556,10070.03562,1123.71267,697.16582,5343.42045,940.53641,2964.5366,2012.23218
2610000,10757.43077,10059.14907,1145.32553,698.9565,5276.6137,938.12497,2921.83197,2010.65148
2613600,10813.91664,10149.17152,1172.4503,710.1315,5331.53787,952.94059,2929.67199,2017.3408
2617200,10914.99024,10163.86012,1188.05982,720.22345,5380.4905,963.82875,2892.57822,2012.16943
2620800,11953.31823,10518.18216,1250.25752,777.37927,5834.0576,1029.4543,3110.82061,2055.43068
2624400,13329.20058,11383.41482,1356.52706,845.93002,6421.1467,1115.06813,3494.17524,2129.68221
2628000,14662.36015,12060.67142,1454.2651,909.42048,7087.83754,1203.31783,3877.26232,2208.85145
2631600,16046.31654,12746.89087,1562.6872,972.40409,7762.63051,1298.85202,4241.03155,2298.16648
2635200,17252.65848,13586.74385,1666.92602,1020.20345,8324.82171,1375.38467,4532.55809,2378.20453
2638800,18156.33422,14343.43863,1767.85473,1067.51067,8767.44498,1441.7768,4757.98948,2445.63292
2642400,18810.05681,14794.61299,1854.58638,1096.51113,9142.75354,1459.15502,4909.57336,2497.84889
2646000,19259.53503,14995.82272,1892.13302,1115.15889,9473.13223,1464.76224,4992.35973,2536.09912
2649600,19536.81863,14982.72842,1875.14311,1136.46059,9607.95152,1469.57571,5016.85735,2545.59189
2653200,19560.68942,14309.84819,1806.32397,1137.23234,9664.73943,1483.13249,4991.69854,2532.33648
2656800,19067.94568,13587.42423,1746.74019,1108.71603,9510.69703,1460.62543,4857.42509,2477.41772
2660400,18232.7545,13250.51285,1668.09305,1059.48317,9091.66128,1406.85958,4680.05837,2405.76865
2664000,17835.52384,13253.02891,1608.80529,1040.69071,8864.42765,1379.18624,4659.94359,2374.16593
2667600,16921.07979,12869.31866,1570.80728,989.41204,8320.32577,1321.85433,4467.68025,2353.67434
2671200,15366.09903,12131.88499,1482.76062,911.28497,7552.79491,1224.61665,4142.30738,2273.98924
2674800,13794.824,11283.7907,1368.94273,834.39615,6761.76683,1121.54185,3780.7699,2179.06643
2678400,12595.63061,10679.58666,1254.31724,788.28311,6141.4413,1047.39239,3468.17959,2105.87492
